,year,good_name,count
2329,2023,Resident Evil 7,3110
2330,2023,RESIDENT EVIL 2 - Deluxe Edition,1878
2331,2023,VCB: Why City 4k,974
2332,2023,Dead Cells,884
2333,2023,Detroit: Become Human,656
2334,2023,Townscaper,613
2335,2023,Squad,586
2336,2023,RESIDENT EVIL 2,565
2337,2023,RESIDENT EVIL 7 - Gold Edition,529
2338,2023,Карта оплаты Xbox Game Pass Ultimate на 1 месяц,483
2339,2023,Elden Ring,457
2340,2023,Potion Craft: Alchemist Simulator,378
2341,2023,Cyberline Racing,367
2342,2023,Age of Wonders 4,360
2343,2023,Dead Cells: Return to Castlevania - DLC,357
2344,2023,APEX LEGENDS - 1000 COINS VIRTUAL CURRENCY,346
2345,2023,Mortal Shell,331
2346,2023,Ready or Not,315
2347,2023,Little Nightmares,283
2348,2023,"Love, Money, Rock'n'Roll",280
2349,2023,Resident Evil 4 - Deluxe Edition,272
2350,2023,Bus Driver Simulator,265
2351,2023,Devil May Cry 5 + Vergil,249
2352,2023,Hearts of Iron IV,242
2353,2023,Stellaris: First Contact Story Pack - DLC,238
2354,2023,Horizon Zero Dawn™ Complete Edition,225
2355,2023,Pathfinder: Wrath of the Righteous - Enhanced Edition,223
2356,2023,Little Nightmares II,220
2357,2023,Elden Ring - Deluxe Edition,212
2358,2023,Heavy Rain,208
2359,2023,Gothic Universe Edition,198
2360,2023,Days Gone,194
2361,2023,Shadows of Doubt,193
2362,2023,Dark Souls Remastered,193
2363,2023,Карта оплаты Xbox Game Pass Ultimate на 3 месяца,190
2364,2023,Mortal Kombat 11,187
2365,2023,CODE VEIN,184
2366,2023,IXION,183
2367,2023,Dead Cells: The Queen and the Sea - DLC,179
2368,2023,Jagged Alliance 3,177
2369,2023,God of War,175
2370,2023,Hitman: Absolution,169
2371,2023,Dead Cells: Fatal Falls - DLC,169
2372,2023,Ori and the Blind Forest - Definitive Edition,163
2373,2023,Totally Accurate Battle Simulator,161
2374,2023,Scorn (STEAM),161
2375,2023,Stellaris: Galactic Paragons - DLC,158
2376,2023,Marvel's Spider-Man Remastered,158
2377,2023,Marvel’s Spider-Man: Miles Morales,155
2378,2023,Beyond: Two Souls,145
2379,2023,8infinity,141
2380,2023,Real Farm – Gold Edition,137
2381,2023,Wickland,137
2382,2023,DARK SOULS™ III: Deluxe Edition,136
2383,2023,The Dark Pictures Anthology: The Devil in Me,134
2384,2023,Partisans 1941,133
2385,2023,Crusader Kings III: Friends & Foes - DLC,131
2386,2023,GTFO,130
2387,2023,Stick Fight: The Game,127
2388,2023,ARMORED CORE™ VI FIRES OF RUBICON™,126
2389,2023,Workers & Resources: Soviet Republic,126
2390,2023,DARK SOULS™ II: Scholar of The First Sin,126
2391,2023,Pathfinder: Wrath of the Righteous - Season Pass 2 - DLC,122
2392,2023,Silent Hill Homecoming,120
2393,2023,The Life and Suffering of Sir Brante,118
2394,2023,Witch It,117
2395,2023,Crusader Kings III: Tours & Tournaments - DLC,116
2396,2023,Sifu (Steam),115
2397,2023,Kingdom Come: Deliverance - Royal Edition,114
2398,2023,Dead Cells: DLCs Only BUNDLE - DLC,110
2399,2023,Cities: Skylines,110
2400,2023,This is the Police,110
2401,2023,Metro Simulator 2,108
2402,2023,Resident Evil 4,106
2403,2023,DARK SOULS™ III,106
2404,2023,Punch Club 2: Fast Forward,105
2405,2023,Hello Neighbor,102
2406,2023,Crashday Redline Edition,102
2407,2023,The Bookwalker: Thief of Tales,100
2408,2023,Contra Anniversary Collection,99
2409,2023,CODE VEIN - Deluxe Edition,97
2410,2023,The Darkest Tales,97
2411,2023,Graveyard Keeper,95
2412,2023,Rain World,95
2413,2023,Deponia,95
2414,2023,TEKKEN 7 - Definitive Edition,94
2415,2023,HITMAN™ 2 – GOLD EDITION,94
2416,2023,Hogwarts Legacy,93
2417,2023,RESIDENT EVIL 3,91
2418,2023,Prison Architect: Jungle Pack - DLC,91
2419,2023,Operation: Tango,88
2420,2023,Cities: Skylines - Financial Districts - DLC,87
2421,2023,Stellaris: Toxoids Species Pack - DLC,83
2422,2023,Risky Rescue,82
2423,2023,Hello Neighbor 2,81
2424,2023,Resident Evil 7 - Season Pass - DLC,81
2425,2023,Stellaris: Overlord Expansion Pack - DLC,81
2426,2023,Pathfinder: Wrath of the Righteous - Season Pass - DLC,81
2427,2023,The Dark Pictures Anthology: Little Hope,81
2428,2023,Shadow Tactics: Blades of the Shogun,80
2429,2023,BACK 4 BLOOD: ULTIMATE EDITION,79
2430,2023,Dome Keeper,79
2431,2023,Metro Simulator,79
2432,2023,Hearts of Iron IV: By Blood Alone - DLC,78
2433,2023,METAL GEAR SOLID V: The Definitive Experience,77
2434,2023,UNCHARTED™: LEGACY OF THIEVES COLLECTION,76
2435,2023,Outer Wilds,76
2436,2023,The Dark Pictures Anthology: Man Of Medan,75
2437,2023,POSTAL Redux,75
2438,2023,No Man's Sky,75
2439,2023,Mad Max,73
2440,2023,Europa Universalis IV: Domination - DLC,72
2441,2023,Barotrauma,71
2442,2023,Castlevania: Lords of Shadow – Ultimate Edition,71
2443,2023,Little Nightmares II - Deluxe Edition,70
2444,2023,Beholder,70
2445,2023,POSTAL 4: No Regerts,69
2446,2023,Human: Fall Flat,69
2447,2023,The Dark Pictures Anthology: House of Ashes,69
2448,2023,Winter,68
2449,2023,Against the Storm,68
2450,2023,Hatred,68
2451,2023,Solasta: Crown of the Magister - Inner Strength - DLC,66
2452,2023,Titan Quest Anniversary Edition,66
2453,2023,Urban Trial Freestyle,64
2454,2023,Roll'd,63
2455,2023,Pongo,62
2456,2023,Titan Quest: Eternal Embers - DLC,62
2457,2023,The Last of Us™ Part I,61
2458,2023,Ni no Kuni Wrath of the White Witch Remastered,61
2459,2023,Kingdom Two Crowns,61
2460,2023,Crusader Kings III: Royal Edition,61
2461,2023,Bus World,60
2462,2023,Timberman,60
2463,2023,The End,59
2464,2023,Resident Evil 4 - Separate Ways - DLC,58
2465,2023,Titan Quest: Atlantis - DLC,58
2466,2023,Journey,58
2467,2023,Clustertruck,57
2468,2023,Starship Troopers - Terran Command,57
2469,2023,The Wolf Among Us,57
2470,2023,APEX LEGENDS - 2150 COINS VIRTUAL CURRENCY,57
2471,2023,Masky,56
2472,2023,This Is the Police 2,56
2473,2023,Chronology,56
2474,2023,POSTAL 2: Paradise Lost - DLC,55
2475,2023,State of Mind,54
2476,2023,Dead Cells: The Bad Seed - DLC,54
2477,2023,Victoria 3,54
2478,2023,Neon White,54
2479,2023,Rain World: Downpour - DLC,54
2480,2023,GOD EATER 3,54
2481,2023,The Crown of Leaves,54
2482,2023,Beholder 3,54
2483,2023,Tales of Arise,53
2484,2023,SOLASTA: Crown of the Magister,53
2485,2023,Graveyard Keeper - Better Save Soul - DLC,53
2486,2023,MechWarrior 5: Mercenaries,52
2487,2023,Graveyard Keeper - Stranger Sins - DLC,51
2488,2023,Gothic II: Gold Edition,51
2489,2023,Necrosmith,51
2490,2023,Castlevania: Lords of Shadow 2,51
2491,2023,Party Hard,51
2492,2023,Tales of Berseria,50
2493,2023,POSTAL 2,50
2494,2023,Hogwarts Legacy - Deluxe Edition,50
2495,2023,Tropico 6 El-Prez Edition,49
2496,2023,Подписка Xbox LIVE GOLD на 3 месяца,49
2497,2023,Batman - The Telltale Series,48
2498,2023,Crusader Kings III,48
2499,2023,Quantum Break,48
2500,2023,DARK SOULS™ III: Season Pass - DLC,48
2501,2023,I Am Future: Cozy Apocalypse Survival,48
2502,2023,Hue,47
2503,2023,Pathfinder: Wrath of the Righteous - The Last Sarkorians - DLC,47
2504,2023,Mortal Shell: The Virtuous Cycle - DLC,47
2505,2023,X-Blades,47
2506,2023,Kingdom Come: Deliverance,47
2507,2023,Mechwarrior 5: Mercenaries - Rise of Rasalhague - DLC,47
2508,2023,Don't Starve Together,47
2509,2023,Alan Wake,47
2510,2023,Solasta: Crown of the Magister - Lost Valley - DLC,47
2511,2023,PlateUp!,47
2512,2023,Titan Quest: Ragnarok - DLC,47
2513,2023,Fly O'Clock,46
2514,2023,Hearts of Iron IV: No Step Back - DLC,46
2515,2023,Resident Evil Village - Gold Edition,46
2516,2023,The Uncertain: Light at the end,45
2517,2023,Hitman - Game of the Year Edition,45
2518,2023,Gothic III,44
2519,2023,RoboCop: Rogue City - Alex Murphy Edition - ПРЕДЗАКАЗ,44
2520,2023,Ashen,43
2521,2023,Ravenswatch,43
2522,2023,Batman: The Enemy Within - The Telltale Series,43
2523,2023,Cities: Skylines - Plazas & Promenades - DLC,43
2524,2023,Kingdom Two Crowns: Norse Lands Edition,43
2525,2023,Подписка Xbox LIVE GOLD на 12 месяцев,43
2526,2023,Darksiders Genesis,43
2527,2023,Hard Truck Apocalypse: Arcade / Ex Machina: Arcade,42
2528,2023,Storyteller,41
2529,2023,Naruto Shippuden: Ultimate Ninja Storm 4,41
2530,2023,State of Decay: Year One Survival Edition,41
2531,2023,Wreckfest,41
2532,2023,Mortal Kombat 11 - Ultimate Edition,41
2533,2023,Displaced,41
2534,2023,NARUTO SHIPPUDEN: Ultimate Ninja STORM 4 - Road to Boruto,41
2535,2023,Ni No Kuni II: Revenant Kingdom - The Prince's Edition,41
2536,2023,Alone in the Dark Anthology,41
2537,2023,Hearts of Iron IV: La Resistance - DLC,41
2538,2023,Kingdom: New Lands,41
2539,2023,Outer Wilds - Echoes of the Eye - DLC,40
2540,2023,Cat Quest II,40
2541,2023,Not For Broadcast,40
2542,2023,Pizza Possum,40
2543,2023,SanctuaryRPG: Black Edition,39
2544,2023,Hotshot Racing,39
2545,2023,BlackSmith HIT,39
2546,2023,Little Nightmares - Secrets of The Maw Expansion Pass - DLC,39
2547,2023,Knights of Honor II: Sovereign,39
2548,2023,Castlevania Classics Anniversary Collection,38
2549,2023,SpiderHeck,38
2550,2023,Solasta: Crown of the Magister - Palace of Ice - DLC,38
2551,2023,Secret Neighbor,38
2552,2023,ARMORED CORE™ VI FIRES OF RUBICON™ - Deluxe Edition,38
2553,2023,Sacred Gold,38
2554,2023,INSOMNIA: The Ark,38
2555,2023,Stellaris,37
2556,2023,Pathologic 2,37
2557,2023,House Flipper - Pets - DLC,37
2558,2023,Totally Reliable Delivery Service,37
2559,2023,The Mooseman,37
2560,2023,Bus Driver Simulator - Russian Soul - DLC,37
2561,2023,Keep in Mind: Remastered,37
2562,2023,Safety First!,37
2563,2023,Jagged Alliance 2 - Wildfire,36
2564,2023,Party Hard 2,36
2565,2023,The Walking Dead: Michonne,36
2566,2023,Europa Universalis IV: Lions of the North - DLC,36
2567,2023,Stellaris: Aquatics Species Pack - DLC,36
2568,2023,ONE PIECE World Seeker: Deluxe Edition,36
2569,2023,Ghost of a Tale,36
2570,2023,The Dark Pictures Anthology: Season One,35
2571,2023,METAL GEAR SOLID V: GROUND ZEROES,35
2572,2023,Darksiders Warmastered Edition,35
2573,2023,Metro Redux Bundle,35
2574,2023,The Suicide of Rachel Foster,35
2575,2023,Northgard,34
2576,2023,Dragon's Dogma: Dark Arisen,34
2577,2023,Intruders: Hide and Seek,34
2578,2023,Alan Wake Collector’s Edition,34
2579,2023,Painkiller Resurrection,34
2580,2023,The Entropy Centre,34
2581,2023,Sausage Hunter,34
2582,2023,Solasta: Crown of the Magister - Primal Calling - DLC,34
2583,2023,Devil May Cry 5 - Playable Character: Vergil - DLC,33
2584,2023,The Ascent,33
2585,2023,Graveyard Keeper - Game of Crone - DLC,33
2586,2023,Life is Feudal: Your Own,33
2587,2023,Sword Art Online: Hollow Realization - Deluxe Edition,33
2588,2023,Resident Evil Village,33
2589,2023,The Last of Us™ Part I - Deluxe Edition,33
2590,2023,Brewmaster: Beer Brewing Simulator,33
2591,2023,Bus Driver Simulator - European Minibus - DLC,33
2592,2023,ENSLAVED™: Odyssey to the West™ - Premium Edition,32
2593,2023,Cities: Skylines - Content Creator Pack: Map Pack 2 - DLC,32
2594,2023,Spiritfarer®: Farewell Edition,32
2595,2023,Wall World: Deep Threat - DLC,32
2596,2023,River City Girls 2,32
2597,2023,Onimusha: Warlords,32
2598,2023,ELEX,32
2599,2023,Core Keeper,32
2600,2023,Edna & Harvey: The Breakout - Anniversary Edition,32
2601,2023,Age of Wonders 4: Premium Edition,32
2602,2023,The Wild Eight,32
2603,2023,Devil May Cry 4: Special Edition,32
2604,2023,In Sound Mind,31
2605,2023,THE SIMS 4: CITY LIVING - DLC,31
2606,2023,SUPERHOT VR,31
2607,2023,The Dungeon Of Naheulbeuk: The Amulet Of Chaos,31
2608,2023,EA Gift Card €15,31
2609,2023,Darksiders Blades & Whip Franchise Pack,31
2610,2023,Darksiders II: Deathinitive Edition,30
2611,2023,The Walking Dead: Season One,30
2612,2023,Kingdom Come: Deliverance - Royal DLC Package - DLC,30
2613,2023,Mortal Kombat 1 - Premium Edition,30
2614,2023,The Uncertain: Last Quiet Day,30
2615,2023,BACK 4 BLOOD,30
2616,2023,Spongebob SquarePants: The Cosmic Shake,30
2617,2023,ELEX II,30
2618,2023,AER Memories of Old,30
2619,2023,Hard Truck Apocalypse / Ex Machina,30
2620,2023,Old World,30
2621,2023,Dome Keeper - Deluxe Edition,29
2622,2023,Gothic III: Forsaken Gods Enhanced Edition,29
2623,2023,Devil May Cry HD Collection,29
2624,2023,Cat Quest,29
2625,2023,Scarlet Nexus - Deluxe Edition,29
2626,2023,The Final Station,29
2627,2023,Alone in the Dark: The New Nightmare,29
2628,2023,Alone in the Dark (2008),29
2629,2023,Punch Club,29
2630,2023,Wartales,29
2631,2023,The Guild 3,29
2632,2023,ONE PIECE: PIRATE WARRIORS 4 - Deluxe Edition,28
2633,2023,Ex Natura: Nature Corrupted,28
2634,2023,Cities: Skylines - Content Creator Pack: Skyscrapers - DLC,28
2635,2023,Castlevania Advance Collection,28
2636,2023,Castlevania: Lords of Shadow – Mirror of Fate HD,28
2637,2023,Resident Evil 4: Ultimate HD Edition,28
2638,2023,Tropico Reloaded,28
2639,2023,Silver Chains,28
2640,2023,Scarlet Nexus,28
2641,2023,Orcs Must Die! 2,28
2642,2023,This Book Is A Dungeon,28
2643,2023,Fahrenheit: Indigo Prophecy Remastered,28
2644,2023,Ridge Racer Unbounded Full Pack,27
2645,2023,Enclave - Gold Edition 2012,27
2646,2023,Stellaris: Nemesis - DLC,27
2647,2023,Trine 5: A Clockwork Conspiracy,27
2648,2023,Magicka,27
2649,2023,World War Z,27
2650,2023,Sacred 2 Gold,27
2651,2023,Deponia Doomsday,27
2652,2023,SlamIt Pinball Big Score,27
2653,2023,Victoria 3: Grand Edition,27
2654,2023,Urban Trial Playground,27
2655,2023,NARUTO SHIPPUDEN: Ultimate Ninja STORM Trilogy,27
2656,2023,MechWarrior 5: Mercenaries - Call to Arms - DLC,26
2657,2023,SpellForce: Conquest of Eo,26
2658,2023,Edna & Harvey: Harvey's New Eyes,26
2659,2023,Earth 2150: The Moon Project,26
2660,2023,Hollow,26
2661,2023,Ken Follett's The Pillars of the Earth,26
2662,2023,Metal Gear Solid V: The Phantom Pain,26
2663,2023,SOULCALIBUR VI,26
2664,2023,Tropico 6: New Frontiers - DLC,26
2665,2023,Streets of Rogue,26
2666,2023,The Walking Dead: A New Frontier,26
2667,2023,"Warhammer 40,000: Gladius - Adepta Sororitas - DLC",26
2668,2023,Cities: Skylines - Airports - DLC,26
2669,2023,Devil May Cry 5 Deluxe + Vergil,26
2670,2023,TT Isle Of Man: Ride on the Edge 3 - John McGuiness 100th Start Livery - DLC,25
2671,2023,Last Room,25
2672,2023,Bus Driver Simulator - Soviet Legend - DLC,25
2673,2023,Пополнение кошелька Playstation Store Польша 100zl (PSN),25
2674,2023,Mr Blaster,25
2675,2023,ONE PUNCH MAN: A HERO NOBODY KNOWS - Deluxe Edition,25
2676,2023,Dead Cells: Road to the Sea BUNDLE,25
2677,2023,Crash Drive 2,25
2678,2023,Goodbye Deponia,25
2679,2023,The Red Lantern,25
2680,2023,JoJo's Bizarre Adventure: All-Star Battle R,25
2681,2023,Shantae: Half-Genie Hero Ultimate Edition,24
2682,2023,Kingdom Two Crowns: Norse Lands - DLC,24
2683,2023,Florence,24
2684,2023,Breathedge,24
2685,2023,Asterigos: Curse of the Stars,24
2686,2023,DCL - The Game,24
2687,2023,Stellaris - Galaxy Edition,24
2688,2023,Chaos on Deponia,24
2689,2023,Orcs Must Die! 3,24
2690,2023,Darksiders III - Deluxe Edition,24
2691,2023,Haven,24
2692,2023,Street Fighter 6,24
2693,2023,Orcs Must Die!,24
2694,2023,Pathfinder: Wrath of the Righteous - Commander Pack - DLC,24
2695,2023,Crazy Machines 3,24
2696,2023,Pumpkin Jack,24
2697,2023,Loretta,24
2698,2023,Bus Driver Simulator - Hungarian Legend - DLC,24
2699,2023,Cities: Skylines - Snowfall - DLC,24
2700,2023,Acanthoceras,24
2701,2023,Heli Heroes,23
2702,2023,Sacred 3 Gold,23
2703,2023,"Warhammer 40,000: Space Wolf - Exceptional Card Pack - DLC",23
2704,2023,Cities: Skylines - Campus - DLC,23
2705,2023,Flower,23
2706,2023,ONE PIECE World Seeker,23
2707,2023,Devil May Cry 3 - Special Edition,23
2708,2023,Kill it with Fire,23
2709,2023,Hearts of Iron IV: Death or Dishonor - DLC,23
2710,2023,Hearts of Iron IV: Battle for the Bosporus - DLC,23
2711,2023,Hearts of Iron IV: Man the Guns - DLC,23
2712,2023,Xenonauts 2,22
2713,2023,Turmoil,22
2714,2023,Distrust,22
2715,2023,Cities: Skylines - Industries - DLC,22
2716,2023,Elypse,22
2717,2023,APEX LEGENDS - 4350 COINS VIRTUAL CURRENCY,22
2718,2023,Bus Driver Simulator - Murom Suburbs - DLC,22
2719,2023,Gorky 17,22
2720,2023,For The People,22
2721,2023,The Great Perhaps,22
2722,2023,Darkestville Castle,22
2723,2023,Roto Force,22
2724,2023,Gloomhaven,22
2725,2023,Injustice 2 Legendary Edition,22
2726,2023,Road Redemption,22
2727,2023,Bus Driver Simulator - Tourist - DLC,22
2728,2023,Just Die Already,22
2729,2023,The Franz Kafka Videogame,22
2730,2023,Overture,22
2731,2023,DreadOut 2,21
2732,2023,Stellaris: Synthetic Dawn Story Pack - DLC,21
2733,2023,Beholder - Blissful Sleep - DLC,21
2734,2023,Cities: Skylines - Mass Transit - DLC,21
2735,2023,ONE PIECE: PIRATE WARRIORS 4,21
2736,2023,Wall World,21
2737,2023,Disciples III: Gold Edition,21
2738,2023,Iratus: Lord of the Dead,21
2739,2023,Furi,21
2740,2023,Block'Em!,21
2741,2023,Hard Truck Apocalypse: Rise Of Clans,21
2742,2023,The Crown of Leaves: Chapter 2 - DLC,21
2743,2023,Bus Driver Simulator - Old Legend - DLC,21
2744,2023,BIOMUTANT,21
2745,2023,Daymare: 1998,21
2746,2023,Tales of Arise: Deluxe Edition,21
2747,2023,Chicken Shoot 2,21
2748,2023,TEKKEN 7,21
2749,2023,Hearts of Iron IV: Together For Victory - DLC,21
2750,2023,Tails Noir,20
2751,2023,Lines,20
2752,2023,I Am Fish,20
2753,2023,The Walking Dead: 400 Days - DLC,20
2754,2023,EA Gift Card €25,20
2755,2023,Stellaris: Utopia - DLC,20
2756,2023,Cities: Skylines - Parklife - DLC,20
2757,2023,Resident Evil 6,20
2758,2023,Fill Up!,20
2759,2023,NecroWorm,20
2760,2023,The Night of the Rabbit,20
2761,2023,RoboCop: Rogue City - ПРЕДЗАКАЗ,20
2762,2023,Beholder 2,20
2763,2023,LEGO® Star Wars™: The Skywalker Saga - Deluxe Edition,20
2764,2023,SOULCALIBUR VI: Deluxe Edition,19
2765,2023,Donut County,19
2766,2023,Commander: Conquest of the Americas. Gold Edition,19
2767,2023,Bad North: Jotunn Edition,19
2768,2023,Cities: Skylines - Green Cities - DLC,19
2769,2023,Metro Simulator - 'Russia' Liveries Pack - DLC,19
2770,2023,Shut Eye,19
2771,2023,Stellaris: Federations - DLC,19
2772,2023,911 Operator,19
2773,2023,SpongeBob SquarePants: Battle for Bikini Bottom - Rehydrated,19
2774,2023,Telling Lies,19
2775,2023,Police Stories,19
2776,2023,DARK,19
2777,2023,Quell Reflect,19
2778,2023,American Fugitive,19
2779,2023,Trapped Dead,19
2780,2023,Iron Sky Invasion: Meteorblitzkrieg - DLC,18
2781,2023,SpellForce 3: Fallen God,18
2782,2023,16bit Trader,18
2783,2023,The Fisherman - Fishing Planet: Predator Boat Pack - DLC,18
2784,2023,Chenso Club,18
2785,2023,Cartel Tycoon,18
2786,2023,Mortal Kombat 1,18
2787,2023,Criminal Expert,18
2788,2023,Lake,18
2789,2023,Alan Wake’s American Nightmare,18
2790,2023,Kingdoms of Amalur: Re-Reckoning - FATE EDITION,18
2791,2023,Ultra Age,18
2792,2023,The Inner World,18
2793,2023,Kingdom Eighties,18
2794,2023,The Long Journey Home,18
2795,2023,ACE COMBAT™ 7: SKIES UNKNOWN - TOP GUN: Maverick Ultimate Edition,18
2796,2023,112 Operator,18
2797,2023,Ever Forward,18
2798,2023,Cocoon,17
2799,2023,The Walking Dead: The Telltale Definitive Series,17
2800,2023,Cat on a Diet,17
2801,2023,MY HERO ONE'S JUSTICE,17
2802,2023,SIFU (Epic),17
2803,2023,DreadOut,17
2804,2023,SpellForce 3 Reforced,17
2805,2023,Stellaris: Apocalypse - DLC,17
2806,2023,Stellaris: Ancient Relics Story Pack - DLC,17
2807,2023,TinyShot,17
2808,2023,Organs Please,17
2809,2023,Trash Sailors: Co-Op Trash Raft Simulator,17
2810,2023,Silt,17
2811,2023,Cities: Skylines - Deluxe Edition,17
2812,2023,NARUTO TO BORUTO: SHINOBI STRIKER - Deluxe Edition,17
2813,2023,IS Defense,17
2814,2023,"Warhammer 40,000: Gladius - Craftworld Aeldari DLC - DLC",17
2815,2023,NARUTO TO BORUTO: SHINOBI STRIKER,17
2816,2023,Prison Architect,17
2817,2023,Prison Architect - Future Tech Pack - DLC,17
2818,2023,Rise of Industry,17
2819,2023,Resident Evil 0,17
2820,2023,DARK SOULS™ III: The Ringed City - DLC,17
2821,2023,Terra Invicta,17
2822,2023,Darksiders III,17
2823,2023,The Disney Afternoon Collection,17
2824,2023,THE SIMS 4: ISLAND LIVING - DLC,17
2825,2023,Do Not Feed the Monkeys,16
2826,2023,"Warhammer 40,000: Battlesector",16
2827,2023,Tropico 5,16
2828,2023,Scorn (EPIC),16
2829,2023,Tales of Zestiria,16
2830,2023,Septerra Core,16
2831,2023,My Big Sister: Remastered,16
2832,2023,Rise of the Tomb Raider: 20 Year Celebration,16
2833,2023,Jack Orlando: Director's Cut,16
2834,2023,Stellaris: Leviathans Story Pack - DLC,16
2835,2023,Cities: Skylines - Content Creator Pack: Heart of Korea - DLC,16
2836,2023,Europa Universalis IV,16
2837,2023,DuckTales: Remastered,16
2838,2023,Stellaris: Distant Stars Story Pack - DLC,16
2839,2023,Black Skylands,16
2840,2023,Chicken Shoot - Gold Edition,16
2841,2023,Silence,16
2842,2023,John Wick Hex,16
2843,2023,Zanzarah: The Hidden Portal,16
2844,2023,Cities: Skylines - Sunset Harbor - DLC,16
2845,2023,Unrailed!,16
2846,2023,Resident Evil 5,16
2847,2023,BIPED,16
2848,2023,Red Faction Guerrilla Re-Mars-tered,16
2849,2023,Death end re;Quest,16
2850,2023,"Warhammer 40,000: Gladius - T'au - DLC",16
2851,2023,"Warhammer 40,000: Space Wolf",16
2852,2023,Desperados III,16
2853,2023,Train Valley 2,16
2854,2023,The Walking Dead: The Final Season,15
2855,2023,Rising Constellation,15
2856,2023,Naruto Shippuden Ultimate Ninja Storm Revolution,15
2857,2023,KnightShift,15
2858,2023,The Fisherman - Fishing Planet: Trophy Catch Pack - DLC,15
2859,2023,METAL GEAR RISING: REVENGEANCE,15
2860,2023,Crusader Kings III: Expansion Pass - DLC,15
2861,2023,Make the Burger,15
2862,2023,Knights & Merchants,15
2863,2023,TEKKEN 8 - Deluxe Edition - ПРЕДЗАКАЗ,15
2864,2023,Iratus: Wrath of the Necromancer - DLC,15
2865,2023,Animation Arts Collection,15
2866,2023,Terraformers,15
2867,2023,DARK SOULS™ III: Ashes of Ariandel - DLC,15
2868,2023,Tales of Vesperia™: Definitive Edition,15
2869,2023,For The King,15
2870,2023,Victoria 3: Voice of the People Immersion Pack - DLC,15
2871,2023,Stellaris: MegaCorp - DLC,15
2872,2023,Sifu - Deluxe Edition (Steam),15
2873,2023,Stellaris: Humanoid Species Pack - DLC,15
2874,2023,Syberia,15
2875,2023,Pizza Express,15
2876,2023,Freedom Fighters,15
2877,2023,EA SPORTS FC™ 24 - Ultimate Edition,15
2878,2023,Back to Bed,15
2879,2023,MY HERO ONE'S JUSTICE 2,15
2880,2023,SHOCK TROOPERS,15
2881,2023,Floor is Lava,15
2882,2023,9 Monkeys of Shaolin,15
2883,2023,Fire: Ungh’s Quest,15
2884,2023,Roboquest,15
2885,2023,Wallace & Gromit’s Grand Adventures,15
2886,2023,Sudden Strike 4,15
2887,2023,Quell,15
2888,2023,MechWarrior 5: Mercenaries - Legend of the Kestrel Lancers - DLC,15
2889,2023,Vambrace: Cold Soul,15
2890,2023,Cities: Skylines - Financial Districts Bundle - DLC,15
2891,2023,Dreamscaper,15
2892,2023,Narcosis,15
2893,2023,Embr,15
2894,2023,"Warhammer 40,000: Gladius - Chaos Space Marines - DLC",15
2895,2023,Ratchet & Clank: Rift Apart,15
2896,2023,Necesse,14
2897,2023,The Ascent - Cyber Heist - DLC,14
2898,2023,World War III: Black Gold,14
2899,2023,The Case of the Golden Idol,14
2900,2023,Chaser,14
2901,2023,DESOLATE,14
2902,2023,Zombieland Double Tap - Road Trip,14
2903,2023,Transport Fever 2,14
2904,2023,Earth 2140 + Mission Pack 1 + Mission Pack 2,14
2905,2023,Deadly 30,14
2906,2023,ACE COMBAT™ 7: SKIES UNKNOWN,14
2907,2023,Sword Art Online: Alicization Lycoris - Deluxe Edition,14
2908,2023,Sunset Overdrive,14
2909,2023,Beyond the Wire,14
2910,2023,Gotham Knights - Deluxe Edition,14
2911,2023,Cities: Skylines - Hotels & Retreats - DLC,14
2912,2023,ONE PIECE ODYSSEY,14
2913,2023,Wasteland 3,14
2914,2023,Turmoil - The Heat Is On - DLC,14
2915,2023,Colored Effects,14
2916,2023,Super Pixel Racers,14
2917,2023,Safecracker: The Ultimate Puzzle Adventure,14
2918,2023,The Walking Dead: Season Two,14
2919,2023,Blackguards,14
2920,2023,Friends vs Friends,14
2921,2023,Risen 2: Dark Waters - Gold Edition,14
2922,2023,Obscuritas,14
2923,2023,Tyranny - Gold Edition,14
2924,2023,Tales of Symphonia,14
2925,2023,Cities: Skylines - Content Creator Pack: Shopping Malls - DLC,13
2926,2023,Blitzkrieg 2 Anthology,13
2927,2023,KeyWe,13
2928,2023,Cities: Skylines - After Dark - DLC,13
2929,2023,Desperados: Wanted Dead Or Alive,13
2930,2023,Destroy All Humans!,13
2931,2023,Sparkle 3 Genesis,13
2932,2023,Cities: Skylines - Concerts - DLC,13
2933,2023,Scarlet Hood and the Wicked Wood,13
2934,2023,What Remains of Edith Finch,13
2935,2023,THE SIMS 4: SEASONS - DLC,13
2936,2023,Hearts of Iron IV: Waking the Tiger - DLC,13
2937,2023,Transport INC,13
2938,2023,DmC Devil May Cry,13
2939,2023,"Warhammer 40,000: Gladius - Escalation Pack - DLC",13
2940,2023,Metro Simulator - 'Oka' Liveries Pack - DLC,13
2941,2023,Spirit of the Island – Adventureland - DLC,13
2942,2023,Airborne Kingdom,13
2943,2023,Tales of Arise - Beyond the Dawn Expansion - DLC - ПРЕДЗАКАЗ,13
2944,2023,Expeditions: Rome,13
2945,2023,Wreckfest - Season Pass 2,13
2946,2023,HITMAN™ 2 – STANDARD EDITION,13
2947,2023,Earth 2150 Trilogy,13
2948,2023,DreadOut: Keepers of The Dark,13
2949,2023,"Warhammer 40,000: Gladius - Tyranids - DLC",13
2950,2023,Shadow Gambit: The Cursed Crew,13
2951,2023,Tomb Raider I-III Remastered - ПРЕДЗАКАЗ,13
2952,2023,NORCO,13
2953,2023,Biozone,13
2954,2023,Chernobylite Enhanced Edition,13
2955,2023,Defunct,13
2956,2023,Pillars of Eternity - Definitive Edition,13
2957,2023,Earth 2160,13
2958,2023,Dark Fall: The Journal,13
2959,2023,Wanderlust: Transsiberian,13
2960,2023,Cozy Grove,13
2961,2023,Symphony of War: The Nephilim Saga,13
2962,2023,One Piece: Pirate Warriors 3,12
2963,2023,My Summer Adventure: Memories of Another Life,12
2964,2023,A Street Cat's Tale,12
2965,2023,Prison Architect - Gangs - DLC,12
2966,2023,A Normal Lost Phone,12
2967,2023,Battle Ram,12
2968,2023,Sable,12
2969,2023,Screaming Chicken: Ultimate Showdown,12
2970,2023,Shooting Stars,12
2971,2023,Shattered - Tale of the Forgotten King,12
2972,2023,Blackguards 2,12
2973,2023,Per Aspera,12
2974,2023,Out of Space,12
2975,2023,Railway Empire 2,12
2976,2023,Shadow Gambit: The Cursed Crew - Supporter Edition,12
2977,2023,Painkiller Hell & Damnation: Full Metal Rocket - DLC,12
2978,2023,Sclash,12
2979,2023,Ashen - Nightstorm Isle - DLC,12
2980,2023,Ni No Kuni II: Revenant Kingdom,12
2981,2023,Age of Wonders: Planetfall - Premium Edition,12
2982,2023,Remember Me,12
2983,2023,Returnal™,12
2984,2023,Hellpoint,12
2985,2023,Spellforce 2: Anniversary Edition,12
2986,2023,Train Valley 2 – The Pandeia Project - DLC,12
2987,2023,Felix The Reaper,12
2988,2023,Figment,12
2989,2023,Warpips,12
2990,2023,"Warhammer 40,000: Mechanicus Omnissiah Edition",12
2991,2023,Colt Canyon,12
2992,2023,Frederic: Resurrection of Music,12
2993,2023,Conan Exiles: Isle of Siptah - DLC,12
2994,2023,Drink More Glurp,12
2995,2023,Contra: Rogue Corps,12
2996,2023,Citadels,12
2997,2023,Doodle Derby,12
2998,2023,Citizen Sleeper,12
2999,2023,SpellForce 3: Soul Harvest,12
3000,2023,Two Worlds II,12
3001,2023,Cities: Skylines - Natural Disasters - DLC,12
3002,2023,Two Worlds Collection,12
3003,2023,Life is Feudal: Forest Village,12
3004,2023,Turnip Boy Commits Tax Evasion,11
3005,2023,Two Worlds - Epic Edition,11
3006,2023,Vampire: The Masquerade - Coteries of New York,11
3007,2023,Europa Universalis IV: Origins - DLC,11
3008,2023,MORTAL KOMBAT XL,11
3009,2023,Torn,11
3010,2023,Cities: Skylines - Industries Plus - DLC,11
3011,2023,Tormented Souls,11
3012,2023,Hyperdimension Neptunia Re;Birth1,11
3013,2023,Void Invaders,11
3014,2023,Conan Exiles - Isle of Siptah Edition,11
3015,2023,FatalZone,11
3016,2023,Belladonna,11
3017,2023,RAD,11
3018,2023,Bear With Me: The Complete Collection,11
3019,2023,MONSTER HUNTER RISE,11
3020,2023,Jagged Alliance: Crossfire,11
3021,2023,Transport Fever,11
3022,2023,GUILTY GEAR Xrd -SIGN-,11
3023,2023,Meridian: New World,11
3024,2023,Train Valley 2: Workshop Gems – Sapphire - DLC,11
3025,2023,Eternal Edge +,11
3026,2023,Black Book,11
3027,2023,Ultra Street Fighter IV,11
3028,2023,Cities: Skylines - Content Creator Pack: Seaside Resorts - DLC,11
3029,2023,Black Future '88,11
3030,2023,Syberia 2,11
3031,2023,Scarlet Nexus - Season Pass - DLC,11
3032,2023,Sparkle ZERO,11
3033,2023,The Fabled Woods,11
3034,2023,Hard West,11
3035,2023,Zoo Tycoon: Ultimate Animal Collection,11
3036,2023,Alba: A Wildlife Adventure,11
3037,2023,BACK 4 BLOOD: DELUXE EDITION,11
3038,2023,MazM: Jekyll and Hyde,11
3039,2023,The Guild II - Renaissance,11
3040,2023,Star Renegades,11
3041,2023,Life is Strange 2 Complete Season,11
3042,2023,Crusader Kings III: Royal Court - DLC,11
3043,2023,HammerHelm,11
3044,2023,Onikira - Demon Killer,11
3045,2023,Orcs Must Die! - Artifacts of Power - DLC,11
3046,2023,Hello Engineer: Scrap Machines Constructor,11
3047,2023,Mastema: Out of Hell,11
3048,2023,Gloomhaven - Solo Scenarios: Mercenary Challenges - DLC,11
3049,2023,ONE PIECE ODYSSEY - Deluxe Edition,11
3050,2023,Homeworld Remastered Collection,11
3051,2023,One Piece Burning Blood - Gold Edition,11
3052,2023,AquaNox 2: Revelation,11
3053,2023,Move or Die,11
3054,2023,Age of Wonders III - Collection,11
3055,2023,Partisans 1941 - Back Into Battle - DLC,11
3056,2023,Dr. Fetus' Mean Meat Machine,11
3057,2023,"Warhammer 40,000: Gladius – Lord of Skulls - DLC",11
3058,2023,Californium,11
3059,2023,"Warhammer 40,000: Mechancus - Heretek - DLC",11
3060,2023,"Warhammer 40,000: Gladius - Adeptus Mechanicus - DLC",11
3061,2023,ArcaniA,10
3062,2023,Arabel,10
3063,2023,LEGO® Star Wars™: The Force Awakens,10
3064,2023,JoJo's Bizarre Adventure: All-Star Battle R - Digital Deluxe Edition,10
3065,2023,JoJo's Bizarre Adventure: All-Star Battle R - Digital Ultimate Edition,10
3066,2023,LEGO® Star Wars™: The Skywalker Saga,10
3067,2023,Atomicrops - Deluxe Edition,10
3068,2023,Bear With Me: The Lost Robots,10
3069,2023,Another Lost Phone: Laura's Story,10
3070,2023,Let's School,10
3071,2023,Train Valley 2 - Editor's Bulletin - DLC,10
3072,2023,Alone in the Dark: Illumination,10
3073,2023,This Is the President,10
3074,2023,Re:Turn – One Way Trip,10
3075,2023,Timberman VS,10
3076,2023,APEX LEGENDS - 6700 COINS VIRTUAL CURRENCY,10
3077,2023,Radio Commander,10
3078,2023,RUSH: A Disney • PIXAR Adventure,10
3079,2023,Despot's Game: Dystopian Battle Simulator,10
3080,2023,Model Builder,10
3081,2023,STAY,10
3082,2023,KovaaK’s,10
3083,2023,Train Valley,10
3084,2023,Train Valley - Germany - DLC,10
3085,2023,METAL SLUG X,10
3086,2023,Thief of Thieves,10
3087,2023,REMEDIUM: Sentinels,10
3088,2023,Resident Evil 5 - Gold Edition,10
3089,2023,Liberated,10
3090,2023,Neon Beats - Full Version,10
3091,2023,Skelattack,10
3092,2023,Silent World,10
3093,2023,Hellpoint: Blue Sun - DLC,10
3094,2023,Gravity Field,10
3095,2023,Gravewood High - Chapter 1 - DLC,10
3096,2023,Phoenix Point: Year One Edition,10
3097,2023,Painkiller Complete Pack,10
3098,2023,Pathfinder: Wrath of the Righteous – The Treasure of the Midnight Isles - DLC,10
3099,2023,Startup Panic,10
3100,2023,Chicken Police,10
3101,2023,MechaNika,10
3102,2023,"Warhammer 40,000: Gladius - Specialist Pack - DLC",10
3103,2023,Hearts of Iron IV: Allied Armor Pack - DLC,10
3104,2023,Silent Storm Gold Edition,10
3105,2023,Hearts of Iron IV: Radio Pack - DLC,10
3106,2023,Prison Architect: Undead - DLC,10
3107,2023,Hearts of Iron IV: Eastern Front Music Pack - DLC,10
3108,2023,Hearts of Iron IV: Eastern Front Planes Pack - DLC,10
3109,2023,Iron Front: Liberation 1944 - Digital War Edition,10
3110,2023,One Piece: Unlimited World Red - Deluxe Edition,10
3111,2023,Cities: Skylines - Content Creator Pack: Train Stations - DLC,10
3112,2023,Tyrant's Blessing,10
3113,2023,Summoner,10
3114,2023,Delta Force,9
3115,2023,Red Faction 2,9
3116,2023,God Eater 2 Rage Burst,9
3117,2023,One Hand Clapping,9
3118,2023,Mutant Year Zero: Road to Eden,9
3119,2023,One Piece: Pirate Warriors 3 - Gold Edition,9
3120,2023,The Forest Quartet,9
3121,2023,Anvil Saga,9
3122,2023,Hero's Hour,9
3123,2023,The Coma 2: Vicious Sisters,9
3124,2023,ONE PUNCH MAN: A HERO NOBODY KNOWS,9
3125,2023,The Dolls: Reborn,9
3126,2023,Wreckfest - Season Pass - DLC,9
3127,2023,Kredolis,9
3128,2023,Happy's Humble Burger Farm,9
3129,2023,"Warhammer 40,000: Battlesector - Sisters of Battle - DLC",9
3130,2023,Vampire: The Masquerade - Shadows of New York - Deluxe Edition,9
3131,2023,Farworld Pioneers,9
3132,2023,East India Company Gold,9
3133,2023,Katamari Damacy REROLL,9
3134,2023,A Blind Legend,9
3135,2023,The Unfinished Swan,9
3136,2023,Eraser & Builder,9
3137,2023,Two Worlds II HD - Call of the Tenebrae - DLC,9
3138,2023,Tropico 5 - Complete Collection,9
3139,2023,11-11 Memories Retold,9
3140,2023,Jotun: Valhalla Edition,9
3141,2023,Vampire: The Masquerade – Swansong Alternate Outfits Pack - DLC,9
3142,2023,Train Life: A Railway Simulator,9
3143,2023,"Northgard - Lyngbakr, Clan of the Kraken - DLC",9
3144,2023,For The King: Lost Civilization Adventure Pack - DLC,9
3145,2023,GUILTY GEAR -STRIVE- Ultimate Edition 2022,9
3146,2023,Twelve Minutes,9
3147,2023,Voltaire: The Vegan Vampire,9
3148,2023,Railway Empire Complete Collection,9
3149,2023,Vikings - Wolves of Midgard,9
3150,2023,Viking Rage,9
3151,2023,Victoria II,9
3152,2023,Earth 2150: Escape from the Blue Planet,9
3153,2023,Hyperspace Invaders II: Pixel Edition,9
3154,2023,Dragon Ball FighterZ,9
3155,2023,Old World - The Sacred and The Profane - DLC,9
3156,2023,Bomber Crew,9
3157,2023,Caveblazers,9
3158,2023,SteamWorld Dig,9
3159,2023,Sword Art Online: Lost Song,9
3160,2023,TRISTOY,9
3161,2023,MechWarrior 5: Mercenaries - Heroes of the Inner Sphere - DLC,9
3162,2023,CryoFall,9
3163,2023,Stunt Kite Masters VR,9
3164,2023,Cities: Skylines - Content Creator Pack: Mid-Century Modern - DLC,9
3165,2023,Stellaris: Galaxy Edition Upgrade Pack - DLC,9
3166,2023,METAL SLUG,9
3167,2023,Barn Finders VR,9
3168,2023,Blitzkrieg Anthology,9
3169,2023,Stellaris: Plantoids Species Pack - DLC,9
3170,2023,Stellaris: Lithoids Species Pack - DLC,9
3171,2023,Mega Man 11,9
3172,2023,SkyDrift: Extreme Fighters Premium Airplane Pack - DLC,9
3173,2023,Crash Drive 3,9
3174,2023,Smart Factory Tycoon,9
3175,2023,Risen 3: Titan Lords,9
3176,2023,Master of Magic,9
3177,2023,Call of the Sea,9
3178,2023,Railroad Pioneer,8
3179,2023,Sword Art Online: Alicization Lycoris,8
3180,2023,GRIME,8
3181,2023,Railway Empire,8
3182,2023,Tinykin,8
3183,2023,Machinika Museum,8
3184,2023,HyperBrawl Tournament - Celebration Pack 2 - DLC,8
3185,2023,"Northgard - Sv?fnir, Clan of the Snake - DLC",8
3186,2023,Naruto Shippuden Ultimate Ninja STORM 1 HD,8
3187,2023,MY HERO ONE'S JUSTICE 2 - Deluxe Edition,8
3188,2023,Phoenix Wright: Ace Attorney Trilogy,8
3189,2023,Wanderlust: Travel Stories,8
3190,2023,God of Light: Remastered,8
3191,2023,TEKKEN 8 - ПРЕДЗАКАЗ,8
3192,2023,Lethis: Path of Progress,8
3193,2023,Sparkle 2 Evo,8
3194,2023,"Warhammer 40,000: Gladius - Relics of War",8
3195,2023,"Warhammer 40,000: Gladius - Assault Pack - DLC",8
3196,2023,Dragon Star Varnir,8
3197,2023,Conan Exiles: Debaucheries of Derketo Pack - DLC,8
3198,2023,Dynopunk,8
3199,2023,Rebel Cops,8
3200,2023,Kao the Kangaroo: Round 2,8
3201,2023,Pressure,8
3202,2023,Iris and the Giant: Card Deck Roguelike,8
3203,2023,MONSTER HUNTER: WORLD,8
3204,2023,FIFA 23: ULTIMATE TEAM - FIFA POINTS 1050,8
3205,2023,FALLING OUT,8
3206,2023,Just Cause 4,8
3207,2023,Sayonara Wild Hearts,8
3208,2023,Pro Basketball Manager 2022,8
3209,2023,Neighbours back From Hell,8
3210,2023,Project Highrise,8
3211,2023,Europa Universalis IV: Leviathan - DLC,8
3212,2023,Nickelodeon All-Star Brawl - Rocko Pack - DLC,8
3213,2023,9 Years of Shadows,8
3214,2023,"Northgard - Brundr & Kaelinn, Clan of the Lynx - DLC",8
3215,2023,Frederic: Resurrection of Music Director's Cut,8
3216,2023,Melvor Idle,8
3217,2023,Storm Boy,8
3218,2023,Shantae: Risky’s Revenge – Director’s Cut,8
3219,2023,Earth 2150: Lost Souls,8
3220,2023,ArcaniA: Fall of Setarrif,8
3221,2023,Earth Atlantis,8
3222,2023,Arietta of Spirits,8
3223,2023,Clouds & Sheep 2,8
3224,2023,One Piece Burning Blood,8
3225,2023,Teddy Floppy Ear - Mountain Adventure,8
3226,2023,Post Scriptum,8
3227,2023,City of Gangsters - Deluxe Edition,8
3228,2023,Empire of Sin,8
3229,2023,Zombillie,8
3230,2023,Anarcute,8
3231,2023,Dark Fall 2: Lights Out,8
3232,2023,Deck of Ashes,8
3233,2023,Klonoa Phantasy Reverie Series,8
3234,2023,Whispers of a Machine,8
3235,2023,Hearts of Iron IV: Axis Armor Pack - DLC,8
3236,2023,Red Comrades Save the Galaxy: Reloaded,8
3237,2023,TOKYO GHOUL:re [CALL to EXIST],8
3238,2023,Winter Ember,8
3239,2023,Greed: Black Border,8
3240,2023,Wordle,8
3241,2023,Dead Synchronicity,8
3242,2023,The Dweller,8
3243,2023,Table Manners,8
3244,2023,Marooners,8
3245,2023,Rocket Knight,8
3246,2023,Restless Soul,8
3247,2023,SpeedRunners,8
3248,2023,The Longest Journey + Dreamfall,8
3249,2023,Cyber Hook,8
3250,2023,Way of the Hunter,8
3251,2023,The Crown of Leaves: Official Soundtrack - DLC,8
3252,2023,Jets'n'Guns 2,7
3253,2023,Europa Universalis IV: Third Rome - Immersion Pack - DLC,7
3254,2023,Street Fighter 6 - Deluxe Edition,7
3255,2023,Undungeon,7
3256,2023,"Northgard - Himminbrjotir, Clan of the Ox - DLC",7
3257,2023,Second Sight,7
3258,2023,Cities: Skylines - Content Creator Pack: Modern City Center - DLC,7
3259,2023,Unworded,7
3260,2023,Street Fighter V: Champion Edition,7
3261,2023,Orcs Must Die! 3 - Tipping the Scales DLC - DLC,7
3262,2023,Candle,7
3263,2023,Extinction,7
3264,2023,Solasta: Crown of the Magister - Supporter Pack - DLC,7
3265,2023,Expedition Zero,7
3266,2023,Cities: Skylines - Content Creator Pack: Vehicles of the World - DLC,7
3267,2023,Prison Architect - Island Bound - DLC,7
3268,2023,Bibots,7
3269,2023,Orcs Must Die! 2 - Are We There Yeti? - DLC,7
3270,2023,Omerta - City of Gangsters - Gold Edition,7
3271,2023,Big Buck Hunter Arcade,7
3272,2023,Spellforce - Platinum Edition,7
3273,2023,Cities: Skylines - European Suburbia Content Creator Pack - DLC,7
3274,2023,Prison Architect: Second Chances - DLC,7
3275,2023,Sinless,7
3276,2023,Cat Cafe Manager,7
3277,2023,Werewolf: The Apocalypse — Heart of the Forest,7
3278,2023,Get Even,7
3279,2023,Catizens,7
3280,2023,Size Matters,7
3281,2023,looK INside - Chapter 1,7
3282,2023,Panzer Elite Action: Gold Edition,7
3283,2023,"Warhammer 40,000: Mechanicus",7
3284,2023,Borderwatch: Dark Armada,7
3285,2023,Panzer Corps 2: General Edition (Upgrade) - DLC,7
3286,2023,Golden Idol Mysteries: The Spider of Lanka - DLC,7
3287,2023,GUILTY GEAR -STRIVE-,7
3288,2023,"Northgard - Svardilfari, Clan of the Horse - DLC",7
3289,2023,Mayhem in Single Valley,7
3290,2023,Guilty Gear X2 #Reload,7
3291,2023,World War II: Panzer Claws,7
3292,2023,"Northgard - Nidhogg, Clan of the Dragon - DLC",7
3293,2023,Vane,7
3294,2023,Fly Corp,7
3295,2023,Captain Tsubasa: Rise of New Champions,7
3296,2023,Golden Light,7
3297,2023,Cities: Skylines - Content Creator Pack: Bridges & Piers - DLC,7
3298,2023,Shotgun King: The Final Checkmate,7
3299,2023,Frontlines Fuel Of War,7
3300,2023,BlazBlue: Calamity Trigger,7
3301,2023,Hexarchy,7
3302,2023,Who Must Die,7
3303,2023,Fly'N,7
3304,2023,Tengami,7
3305,2023,TEKKEN 7 - Originals Edition,7
3306,2023,CountryBalls Heroes,7
3307,2023,King of Dragon Pass,7
3308,2023,They Always Run,7
3309,2023,Lost Eidolons,7
3310,2023,Time Loader,7
3311,2023,Banners of Ruin,7
3312,2023,Conan Exiles - Complete Edition,7
3313,2023,ACE COMBAT™ 7: SKIES UNKNOWN - Season Pass - DLC,7
3314,2023,Combat Mission Black Sea,7
3315,2023,Cold War,7
3316,2023,Train Valley 2: Workshop Gems – Emerald - DLC,7
3317,2023,Act of War: High Treason,7
3318,2023,The Pale Beyond,7
3319,2023,Tails Noir Preludes,7
3320,2023,Teddy Floppy Ear - Kayaking,7
3321,2023,DJMAX RESPECT V,7
3322,2023,Ridge Racer Unbounded,7
3323,2023,Amnesia™: Memories,7
3324,2023,DARK - Cult of the Dead - DLC,7
3325,2023,Resident Evil Village - Winters’ Expansion - DLC,7
3326,2023,LEGO® Marvel™ Super Heroes 2 - Deluxe Edition,7
3327,2023,DRAGON BALL Z: KAKAROT - Legendary Edition,7
3328,2023,Crusader Kings III: Northern Lords - DLC,7
3329,2023,Reky,7
3330,2023,Delta Force 2,7
3331,2023,Red Comrades 2: For the Great Justice. Reloaded,7
3332,2023,The Interactive Adventures of Dog Mendon?a & Pizzaboy,7
3333,2023,Desperados III - Digital Deluxe Edition,7
3334,2023,Destroy All Humans! 2 - Reprobed: Dressed to Skill,7
3335,2023,Recipe for Disaster,7
3336,2023,THE KING OF FIGHTERS '98 ULTIMATE MATCH FINAL EDITION,7
3337,2023,City of Gangsters: Atlantic City - DLC,7
3338,2023,Evil Dead: The Game,7
3339,2023,Endling - Extinction is Forever,7
3340,2023,Quasimorph,7
3341,2023,Psychonauts,7
3342,2023,KILL la KILL -IF,7
3343,2023,Bots Are Stupid,6
3344,2023,City of Gangsters,6
3345,2023,Agatha Knife,6
3346,2023,ReCore: Definitive Edition,6
3347,2023,Resident Evil: Revelations 2 - Deluxe Edition,6
3348,2023,Desynced,6
3349,2023,Kingdoms of Amalur: Re-Reckoning,6
3350,2023,Evil Dead: The Game - GOTY,6
3351,2023,Nevaeh,6
3352,2023,Zarya - 1: Mystery on the Moon,6
3353,2023,Gorogoa,6
3354,2023,Age of Wonders III - Golden Realms Expansion - DLC,6
3355,2023,Bet On Soldier,6
3356,2023,Last Resort Island,6
3357,2023,Steel Rats,6
3358,2023,"Warhammer 40,000: Gladius - Fortification Pack - DLC",6
3359,2023,Mana Spark,6
3360,2023,Hearts of Iron IV: Allied Speeches Pack - DLC,6
3361,2023,Age of Wonders: Planetfall,6
3362,2023,Europa Universalis IV: Common Sense - DLC,6
3363,2023,Home Design 3D,6
3364,2023,The Shape of Things,6
3365,2023,Disneyland Adventures,6
3366,2023,Truck Mechanic Simulator,6
3367,2023,Moons of Madness,6
3368,2023,Sporty Peppers,6
3369,2023,Wolfstride,6
3370,2023,Mari and Bayu - The Road Home,6
3371,2023,Deadfall Adventures - Deluxe Edition,6
3372,2023,Evergate,6
3373,2023,Scholar of the Arcane Arts,6
3374,2023,Orcs Must Die! 3 - Cold as Eyes - DLC,6
3375,2023,Prodigy Tactics,6
3376,2023,Arson and Plunder: Unleashed,6
3377,2023,Aura: Fate of the Ages,6
3378,2023,SpellForce Complete Pack,6
3379,2023,Grand Brix Shooter,6
3380,2023,Orcs Must Die! - Lost Adventures - DLC,6
3381,2023,PERISH,6
3382,2023,The Fridge is Red,6
3383,2023,Broken Pieces,6
3384,2023,Pirates of Black Cove - Gold Edition,6
3385,2023,Vandals,6
3386,2023,Space Raiders in Space,6
3387,2023,Shadowrun Returns,6
3388,2023,Saga of Sins,6
3389,2023,Nira,6
3390,2023,Cities: Skylines - Content Creator Pack: Map Pack - DLC,6
3391,2023,SuchArt: Genius Artist Simulator,6
3392,2023,Battle Chasers: Nightwar,6
3393,2023,Super Lucky's Tale,6
3394,2023,Commando Unit - 4th Generation Warfare - DLC,6
3395,2023,Mechanic Escape,6
3396,2023,Tropico 3,6
3397,2023,METAL SLUG 2,6
3398,2023,METAL SLUG 3,6
3399,2023,Antioch: Scarlet Bay,6
3400,2023,Terraforming Mars,6
3401,2023,Quell Memento,6
3402,2023,Hell Pie,6
3403,2023,Trapped Dead: Lockdown,6
3404,2023,Fade to Silence,6
3405,2023,Shame Legacy,6
3406,2023,Project Temporality,6
3407,2023,Shantae and the Seven Sirens,6
3408,2023,Flat Eye,6
3409,2023,Sacred 3,6
3410,2023,4th Generation Warfare,6
3411,2023,Claws of Furry,6
3412,2023,Phantom Doctrine,6
3413,2023,iO,6
3414,2023,Love Letter,6
3415,2023,WRC 10 FIA World Rally Championship - Deluxe Edition,6
3416,2023,Bang Bang Racing,6
3417,2023,Blood Knights,6
3418,2023,Abandon Ship,6
3419,2023,Aces & Adventures,6
3420,2023,House Flipper - Luxury - DLC,6
3421,2023,Legend of Keepers: Career of a Dungeon Master,6
3422,2023,Tropico 3: Gold Edition,6
3423,2023,APEX LEGENDS - 11500 COINS VIRTUAL CURRENCY,6
3424,2023,"Northgard - Ratatoskr, Clan of the Squirrel - DLC",6
3425,2023,Atomicrops,6
3426,2023,CODE VEIN - Season Pass - DLC,6
3427,2023,House Flipper,6
3428,2023,Dungeons 3 - Complete Collection,6
3429,2023,Metal Gear Survive,6
3430,2023,Pathfinder: Wrath of the Righteous - Through the Ashes - DLC,6
3431,2023,Army General,5
3432,2023,Date A Live: Rio Reincarnation,5
3433,2023,Europa Universalis IV: Rights of Man - DLC,5
3434,2023,Darksiders III - Keepers of the Void - DLC,5
3435,2023,Lethis: Daring Discoverers,5
3436,2023,Azur Lane: Crosswave,5
3437,2023,Kraken Academy!!,5
3438,2023,MX vs ATV Legends,5
3439,2023,Anna - Extended Edition,5
3440,2023,Labyrinth City: Pierre the Maze Detective,5
3441,2023,Masterplan Tycoon,5
3442,2023,Master of Orion,5
3443,2023,Hard West 2,5
3444,2023,AquaNox,5
3445,2023,Alternate Jake Hunter: DAEDALUS The Awakening of Golden Jazz,5
3446,2023,Ancient Aliens: The Game,5
3447,2023,Black Clover: Quartet Knights,5
3448,2023,Dead Age 2,5
3449,2023,BlazBlue Centralfiction,5
3450,2023,Dungeon Rushers,5
3451,2023,GRUNND,5
3452,2023,KeyWe - The 100th Annual Grand Ol' Telepost Tournament - DLC,5
3453,2023,HyperBrawl Tournament - Celebration Pack 1 - DLC,5
3454,2023,Cities: Skylines - Content Creator Pack: Sports Venues - DLC,5
3455,2023,Naruto Shippuden Ultimate Ninja STORM 2 HD,5
3456,2023,Cities: Skylines - Content Creator Pack: Art Deco - DLC,5
3457,2023,BlazBlue Centralfiction - Additional Playable Character JUBEI - DLC,5
3458,2023,EA SPORTS FC™ 24,5
3459,2023,MegaTagmension Blanc + Neptune VS Zombies,5
3460,2023,Caravan,5
3461,2023,Combat Mission Black Sea - Battle Pack 1 - DLC,5
3462,2023,Enola,5
3463,2023,No Straight Roads: Encore Edition,5
3464,2023,Battlestar Galactica Deadlock,5
3465,2023,Cities: Skylines - Content Creator Pack: High-Tech Buildings - DLC,5
3466,2023,Fling to the Finish,5
3467,2023,Classic Fun Collection 5 in 1,5
3468,2023,Mercenaries - 4th Generation Warfare - DLC,5
3469,2023,If Found...,5
3470,2023,City of Gangsters: Criminal Record - DLC,5
3471,2023,Megadimension Neptunia VIIR,5
3472,2023,Empires of the Undergrowth,5
3473,2023,Dub Dash,5
3474,2023,DreadEye VR,5
3475,2023,Absolute Tactics: Daughters of Mercy,5
3476,2023,Nova Drift,5
3477,2023,Deadfall Adventures,5
3478,2023,Death end re;Quest 2,5
3479,2023,Nickelodeon Kart Racers 2: Grand Prix,5
3480,2023,Crouching Pony Hidden Dragon,5
3481,2023,Brain Marmelade,5
3482,2023,Age of Wonders: Shadow Magic,5
3483,2023,Kitaria Fables,5
3484,2023,BATTLETECH - Mercenary Collection,5
3485,2023,NARUTO SHIPPUDEN: Ultimate Ninja STORM 3 Full Burst HD,5
3486,2023,Gotham Knights,5
3487,2023,NARUTO SHIPPUDEN: Ultimate Ninja STORM Legacy,5
3488,2023,Goosebumps: The Game,5
3489,2023,MONSTER HUNTER: WORLD: Iceborne - Master Edition,5
3490,2023,BE-A Walker,5
3491,2023,Iron Sky: Invasion,5
3492,2023,Disjunction,5
3493,2023,Little Nightmares II - Digital Content Bundle - DLC,5
3494,2023,Hollow 2,5
3495,2023,Cities: Skylines - World Tour Bundle 2 - DLC,5
3496,2023,Glitchpunk,5
3497,2023,Giana Sisters: Twisted Dreams - Rise of the Owlverlord,5
3498,2023,Ghostdream,5
3499,2023,Helheim Hassle,5
3500,2023,The LEGO Movie 2 Videogame,5
3501,2023,The King's Bird,5
3502,2023,There Will Be No Turkey This Christmas,5
3503,2023,The Dark Eye: Memoria,5
3504,2023,The Dark Eye Demonicon,5
3505,2023,Red Comrades 3: Return of Alaska. Reloaded,5
3506,2023,The Book of Unwritten Tales Collection,5
3507,2023,The Vanishing of Ethan Carter,5
3508,2023,Train Valley 2 - Passenger Flow - DLC,5
3509,2023,Twin Mirror,5
3510,2023,Trine 4: The Nightmare Prince,5
3511,2023,Project Highrise: Miami Malls - DLC,5
3512,2023,Train Valley 2: Myths & Rails - DLC,5
3513,2023,Psychedelica of the Ashen Hawk,5
3514,2023,Trafficker - 4th Generation Warfare - DLC,5
3515,2023,Townsmen - A Kingdom Rebuilt: The Seaside Empire - DLC,5
3516,2023,Townsmen - A Kingdom Rebuilt,5
3517,2023,Pure Chess Grandmaster Edition,5
3518,2023,Puzzle Chronicles,5
3519,2023,Tiny Lands,5
3520,2023,The Ascent - Cyber Warrior Pack - DLC,5
3521,2023,Tandem: A Tale of Shadows,5
3522,2023,Sigma Theory: Global Cold War,5
3523,2023,Street Fighter: 30th Anniversary Collection,5
3524,2023,Spirit of the Island,5
3525,2023,Soulstice,5
3526,2023,SoulCraft,5
3527,2023,Shadow Empire: Oceania - DLC,5
3528,2023,Showgunners,5
3529,2023,Shadowrun: Dragonfall - Director's Cut,5
3530,2023,Shadows: Awakening,5
3531,2023,Street Outlaws 2: Winner Takes All,5
3532,2023,Streets of Red: Devil's Dare Deluxe,5
3533,2023,Rock of Ages 3: Make & Break,5
3534,2023,T.E.C. 3001,5
3535,2023,Rise of Industry: 2130 - DLC,5
3536,2023,Surviving Mars: Martian Express - DLC,5
3537,2023,Surviving Mars - Deluxe Edition,5
3538,2023,Risen 2: Dark Waters,5
3539,2023,Superfuse,5
3540,2023,SuperPower 3,5
3541,2023,Super Animal Royale Season 7 Starter Pack - DLC,5
3542,2023,River City Super Sports Challenge ~All Stars Special~,5
3543,2023,Sundered: Eldritch Edition,5
3544,2023,RoboCo,5
3545,2023,Prison Architect - Going Green - DLC,5
3546,2023,Panzer Corps 2: Axis Operations - 1945 - DLC,5
3547,2023,"Warhammer 40,000: Space Wolf - Saga of the Great Awakening - DLC",5
3548,2023,War Mongrels,5
3549,2023,World War Z: Aftermath,5
3550,2023,WRC 6 FIA World Rally Championship,5
3551,2023,Vampire: The Masquerade - Shadows of New York,5
3552,2023,West of Dead,5
3553,2023,West of Dead: The Path of The Crow - Deluxe Edition,5
3554,2023,"Warhammer 40,000: Gladius - Reinforcement Pack - DLC",5
3555,2023,Pathfinder: Wrath of the Righteous - Inevitable Excess - DLC,5
3556,2023,Whispering Willows,5
3557,2023,Ozymandias: Bronze Age Empire Sim,5
3558,2023,"Warhammer 40,000: Battlesector - Necrons - DLC",5
3559,2023,Orcs Must Die! 2 - Family Ties Booster Pack - DLC,5
3560,2023,Zoo Seeker,5
3561,2023,Potion Permit,5
3562,2023,Painkiller Hell & Damnation: The Clock Strikes Meat Night - DLC,5
3563,2023,"Warhammer 40,000: Sanctus Reach",5
3564,2023,Panzer Corps 2: Axis Operations - 1944 - DLC,5
3565,2023,looK INside - Chapter 2,5
3566,2023,Cities: Skylines - Parklife Plus - DLC,4
3567,2023,Where the Water Tastes Like Wine,4
3568,2023,Syberia 3,4
3569,2023,Grotesque Tactics 2 – Dungeons and Donuts,4
3570,2023,Coromon,4
3571,2023,Cities: Skylines - Downtown Bundle - DLC,4
3572,2023,SuperPower 2 Steam Edition,4
3573,2023,Commandos 2 & 3 - HD Remaster Double Pack,4
3574,2023,Surviving Mars: Stellaris Dome Set - DLC,4
3575,2023,Lost Planet 3,4
3576,2023,"Warhammer 40,000: Space Wolf - Sentry Gun Pack",4
3577,2023,Cities: Skylines - Content Creator Pack: University City - DLC,4
3578,2023,Conan Unconquered,4
3579,2023,Clocker,4
3580,2023,Way of the Hunter - Elite Edition,4
3581,2023,Clive 'N' Wrench,4
3582,2023,Superdimension Neptune VS Sega Hard Girls,4
3583,2023,Guilty Gear -Strive- + Season Pass 1,4
3584,2023,Caladrius Blaze,4
3585,2023,COMANCHE,4
3586,2023,Hakuoki: Kyoto Winds,4
3587,2023,Wytchwood,4
3588,2023,SkyDrift,4
3589,2023,Hellboy Web of Wyrd,4
3590,2023,Sine Mora EX,4
3591,2023,Silicon Dreams | cyberpunk interrogation,4
3592,2023,Blue Estate,4
3593,2023,Blood Rage: Digital Edition,4
3594,2023,BlazBlue: Chronophantasma Extend,4
3595,2023,Shantae and the Pirate's Curse,4
3596,2023,Spacebase Startopia - Extended Edition,4
3597,2023,Spellcaster University,4
3598,2023,Chroma Squad,4
3599,2023,Guilty Gear -Strive- Season Pass 2 - DLC,4
3600,2023,Strayed Lights,4
3601,2023,Strategy & Tactics: Wargame Collection,4
3602,2023,Stirring Abyss,4
3603,2023,Cities: Skylines - African Vibes - DLC,4
3604,2023,Guilty Gear Isuka,4
3605,2023,Chronos: Before the Ashes,4
3606,2023,SteamWorld Heist,4
3607,2023,Catie in MeowMeowLand,4
3608,2023,Starry Nights: Helix,4
3609,2023,Marcus Level,4
3610,2023,TEKKEN 7 - Season Pass - DLC,4
3611,2023,Lonesome Village,4
3612,2023,Impossible Creatures,4
3613,2023,Field of Glory II: Medieval,4
3614,2023,Urban Trial Tricky - Deluxe Edition,4
3615,2023,Dungeons 3 - Clash of Gods - DLC,4
3616,2023,Dungeons 2,4
3617,2023,Valhalla Hills,4
3618,2023,Dream Pinball 3D,4
3619,2023,The Mahjong Huntress,4
3620,2023,Fishing: Barents Sea,4
3621,2023,Double Dragon Trilogy,4
3622,2023,Fishing: Barents Sea - Line and Net Ships - DLC,4
3623,2023,Don't Disturb,4
3624,2023,The Textorcist: The Story of Ray Bibbia,4
3625,2023,Digimon Story Cyber Sleuth: Complete Edition,4
3626,2023,Undercover Missions: Operation Kursk K-141,4
3627,2023,Infliction,4
3628,2023,Evoland Legendary Edition,4
3629,2023,Europa Universalis IV: The Cossacks - DLC,4
3630,2023,Europa Universalis IV: Rule Britannia - DLC,4
3631,2023,"Europa Universalis IV: Guns, Drums & Steel Vol 3 Music Pack - DLC",4
3632,2023,Europa Universalis IV: Emperor - DLC,4
3633,2023,Europa Universalis IV: Art of War - DLC,4
3634,2023,Trillion: God of Destruction,4
3635,2023,Iron Danger,4
3636,2023,Umbrella Corps - Deluxe Edition,4
3637,2023,Shadows: Awakening - Necrophage's Curse - DLC,4
3638,2023,Teddy Floppy Ear - The Race,4
3639,2023,LEGO® DC Super-Villains - Deluxe Edition,4
3640,2023,LEGO® Marvel™ Super Heroes,4
3641,2023,GUILTY GEAR 2 -OVERTURE-,4
3642,2023,The Coma 2: Vicious Sisters DELUXE EDITION,4
3643,2023,GUILTY GEAR XX ACCENT CORE PLUS R,4
3644,2023,Larcin Lazer,4
3645,2023,Last Inua,4
3646,2023,Garden In!,4
3647,2023,House Flipper - HGTV - DLC,4
3648,2023,The Lord of the Rings: Gollum™,4
3649,2023,Jagged Alliance: Rage!,4
3650,2023,Tails Noir: Words - DLC,4
3651,2023,Little Big Workshop,4
3652,2023,THE KING OF FIGHTERS 2002 UNLIMITED MATCH,4
3653,2023,The Dark Eye: Chains of Satinav,4
3654,2023,Dark Deity,4
3655,2023,KovaaK’s Tracking Trainer - DLC,4
3656,2023,The Lord of the Rings: Adventure Card Game,4
3657,2023,I am not a Monster: First Contact,4
3658,2023,Desperados 2: Cooper's Revenge,4
3659,2023,The Guild II,4
3660,2023,The Great Ace Attorney Chronicles,4
3661,2023,Degrees of Separation,4
3662,2023,The Forest Cathedral,4
3663,2023,Deck of Ashes - Tome Of Dimensions - DLC,4
3664,2023,The Deed,4
3665,2023,Full Spectrum Warrior,4
3666,2023,Vive le Roi 2,4
3667,2023,Ancient Enemy,4
3668,2023,ACE COMBAT™ 7: SKIES UNKNOWN - TOP GUN: Maverick Edition,4
3669,2023,Project Highrise: Tokyo Towers - DLC,4
3670,2023,Project Highrise: Las Vegas - DLC,4
3671,2023,Nickelodeon All-Star Brawl - Hugh Neutron Brawler Pack - DLC,4
3672,2023,Banners of Ruin - Moonstone - DLC,4
3673,2023,Railway Empire 2 - Deluxe Edition,4
3674,2023,Black Clover: Quartet Knights - Deluxe Edition,4
3675,2023,SHOCK TROOPERS 2nd Squad,4
3676,2023,Orcs Must Die! 2 - Fire and Water Booster Pack - DLC,4
3677,2023,Nitro Kid,4
3678,2023,Alt-Frequencies,4
3679,2023,Rise of Venice: Gold,4
3680,2023,Mr. Shifty,4
3681,2023,Arpsic,4
3682,2023,River City Melee: Battle Royal Special,4
3683,2023,Autonauts,4
3684,2023,Autonauts vs Piratebots,4
3685,2023,1954 Alcatraz,4
3686,2023,Re-Volt,4
3687,2023,Arcade Classics Anniversary Collection,4
3688,2023,Puddle,4
3689,2023,Moonstone Island,4
3690,2023,BEAT ARENA,4
3691,2023,Prison Architect - Psych Ward: Warden's Edition - DLC,4
3692,2023,Act of War: Direct Action,4
3693,2023,Adam Wolfe,4
3694,2023,NARUTO X BORUTO Ultimate Ninja Storm Connections - Ultimate Edition - ПРЕДЗАКАЗ,4
3695,2023,Beacon Pines,4
3696,2023,Meridian: Squad 22,4
3697,2023,Planet Cube: Edge,4
3698,2023,NARUTO SHIPPUDEN: Ultimate Ninja STORM 4 - Road to Boruto Expansion - DLC,4
3699,2023,Beast Quest,4
3700,2023,Pillars of Eternity - Hero Edition,4
3701,2023,Old World - Heroes of the Aegean - DLC,4
3702,2023,Park Beyond,4
3703,2023,Before Your Eyes,4
3704,2023,Bionic Commando Rearmed,4
3705,2023,Melvor Idle: Throne of the Herald - DLC,4
3706,2023,Battlestar Galactica Deadlock: The Broken Alliance - DLC,4
3707,2023,"Please, Don’t Touch Anything",4
3708,2023,Pankapu,4
3709,2023,Dragon Ball FighterZ - Ultimate Edition,3
3710,2023,Kingdom Come: Deliverance – From the Ashes - DLC,3
3711,2023,Doodle God,3
3712,2023,Days of Evil,3
3713,2023,King and Assassins,3
3714,2023,Dead Age,3
3715,2023,Doodle God 8-bit Mania,3
3716,2023,"Warhammer 40,000: Space Wolf - Sigurd Ironside - DLC",3
3717,2023,Dracula: The Resurrection,3
3718,2023,Dracula 2: The Last Sanctuary,3
3719,2023,Golazo! Soccer League,3
3720,2023,Afterimage,3
3721,2023,Painkiller Hell & Damnation: Heaven's Above - DLC,3
3722,2023,Doodle Mafia,3
3723,2023,GetsuFumaDen: Undying Moon - Deluxe Edition,3
3724,2023,Koumajou Remilia: Scarlet Symphony - Digital Deluxe Edition,3
3725,2023,Golden Idol Mysteries: The Lemurian Vampire - DLC,3
3726,2023,There Is No Light: Enhanced Edition,3
3727,2023,Panzer Corps 2,3
3728,2023,Race.a.bit,3
3729,2023,Rad Rodgers - Radical Edition,3
3730,2023,The Fisherman - Fishing Planet,3
3731,2023,NORCO - Special Edition,3
3732,2023,The Fog: Trap for Moths,3
3733,2023,Achtung! Cthulhu Tactics,3
3734,2023,The Hong Kong Massacre,3
3735,2023,NEBULOUS: Fleet Command,3
3736,2023,Raining Blobs,3
3737,2023,Absolute Drift,3
3738,2023,Gladiator Guild Manager,3
3739,2023,The Dwarves - Digital Deluxe Edition,3
3740,2023,RICO: London,3
3741,2023,Kingdom Come: Deliverance – The Amorous Adventures of Bold Sir Hans Capon - DLC,3
3742,2023,Demon Skin,3
3743,2023,Dead End Job,3
3744,2023,Distant Worlds 2,3
3745,2023,Dead In Vinland,3
3746,2023,The Raven Remastered - Deluxe Edition,3
3747,2023,Disciples III - Resurrection,3
3748,2023,The Raven Remastered,3
3749,2023,Dead Rising 2,3
3750,2023,The Pathless,3
3751,2023,ACE COMBAT™ 7: SKIES UNKNOWN – TOP GUN: Maverick Aircraft Set - DLC,3
3752,2023,Panzer Corps 2: Axis Operations - 1943 - DLC,3
3753,2023,Dead Rising 4 - Season Pass - DLC,3
3754,2023,Garbage,3
3755,2023,REMEDIUM,3
3756,2023,Europa Universalis IV: Golden Century - DLC,3
3757,2023,Pocket Kingdom,3
3758,2023,UNDER NIGHT IN-BIRTH Exe:Late[cl-r],3
3759,2023,Extreme Exorcism,3
3760,2023,Iron Sky Invasion: The Second Fleet - DLC,3
3761,2023,Hyperdevotion Noire: Goddess Black Heart,3
3762,2023,GAROU: MARK OF THE WOLVES,3
3763,2023,Excubitor,3
3764,2023,Vlad Circus: Descend Into Madness,3
3765,2023,Paper Cut Mansion,3
3766,2023,Ninjin: Clash of Carrots,3
3767,2023,WRC 9 - Deluxe Edition (Steam),3
3768,2023,Nine Noir Lives,3
3769,2023,Europa Universalis IV: Mare Nostrum - DLC,3
3770,2023,Europa Universalis IV: Mandate of Heaven - DLC,3
3771,2023,Park Beyond: Deluxe Edition,3
3772,2023,Hyperdimension Neptunia U: Action Unleashed,3
3773,2023,Paw Paw Paw,3
3774,2023,Vernal Edge,3
3775,2023,Freaking Meatbags,3
3776,2023,Floppy Knights,3
3777,2023,ICBM,3
3778,2023,Fireball Wizard,3
3779,2023,Per Aspera - Deluxe Edition,3
3780,2023,Imperator: Rome - Heirs of Alexander Content Pack - DLC,3
3781,2023,PictoQuest,3
3782,2023,Field of Glory II,3
3783,2023,Unruly Heroes,3
3784,2023,Pro Fishing Simulator,3
3785,2023,GetsuFumaDen: Undying Moon,3
3786,2023,Totally Reliable Delivery Service - Stunt Sets - DLC,3
3787,2023,Totally Reliable Delivery Service - Dress Code - DLC,3
3788,2023,Totally Reliable Delivery Service - Cyberfunk - DLC,3
3789,2023,Dungeons: Into the Dark - DLC,3
3790,2023,Dungeons 3: Lord Of The Kings - DLC,3
3791,2023,Kathy Rain: Director's Cut,3
3792,2023,Dungeons 3 – Famous Last Words - DLC,3
3793,2023,3SwitcheD,3
3794,2023,Dungeons 3 - A Multitude of Maps - DLC,3
3795,2023,Killer Is Dead - Nightmare Edition,3
3796,2023,Dungeon Drafters,3
3797,2023,Genesis Rising,3
3798,2023,Ticket to Ride,3
3799,2023,Escape from Naraka,3
3800,2023,Europa Universalis IV: Dharma Expansion - DLC,3
3801,2023,Europa Universalis IV: Cradle of Civilization Expansion - DLC,3
3802,2023,JoJo's Bizarre Adventure: All-Star Battle R - Season Pass - DLC,3
3803,2023,Night Call,3
3804,2023,Project Highrise Architect's Edition,3
3805,2023,Etherlords Bundle,3
3806,2023,Tropico 4: Collector's Bundle,3
3807,2023,Tribes of Midgard,3
3808,2023,Hover: Revolt of Gamers,3
3809,2023,Empire of Sin - Premium Edition,3
3810,2023,Neurodeck: Psychological Deckbuilder,3
3811,2023,NeuroVoider,3
3812,2023,House Flipper VR,3
3813,2023,Train Valley 2: Workshop Gems – Ruby - DLC,3
3814,2023,Neptunia: Sisters VS Sisters,3
3815,2023,The Darkside Detective,3
3816,2023,Super Neptunia RPG,3
3817,2023,Bang-On Balls: Chronicles,3
3818,2023,Mad Tracks,3
3819,2023,Magibot,3
3820,2023,Cities in Motion,3
3821,2023,Ciel Fledge: A Daughter Raising Simulator,3
3822,2023,Banners of Ruin - Powdermaster - DLC,3
3823,2023,Barn Finders: Bid Wars - DLC,3
3824,2023,ZONE OF THE ENDERS: The 2nd Runner - M?RS,3
3825,2023,Check vs Mate,3
3826,2023,Monochrome World,3
3827,2023,SteamWorld Quest: Hand of Gilgamech,3
3828,2023,Marble Duel: Sphere-Matching Tactical Fantasy,3
3829,2023,Startide,3
3830,2023,Ogre,3
3831,2023,Super Kickers League Ultimate,3
3832,2023,Super Bomberman R,3
3833,2023,MX vs. ATV Supercross Encore,3
3834,2023,Hello Neighbor VR: Search and Rescue,3
3835,2023,BAJA: Edge of Control HD,3
3836,2023,HELLDIVERS™ 2 - Super Citizen Edition - ПРЕДЗАКАЗ,3
3837,2023,Stranded Sails - Explorers of the Cursed Islands,3
3838,2023,Cities: Skylines - Content Creator Pack: Modern Japan - DLC,3
3839,2023,Hakuoki: Edo Blossoms,3
3840,2023,Strategic Command: American Civil War,3
3841,2023,Scorn - Deluxe Edition (STEAM),3
3842,2023,Bee Simulator,3
3843,2023,Bridge Constructor: The Walking Dead,3
3844,2023,Skilltree Saga,3
3845,2023,Bouncer Story,3
3846,2023,Silver,3
3847,2023,Bombslinger,3
3848,2023,Boiling Bolt,3
3849,2023,Semispheres,3
3850,2023,Sky Haven Tycoon - Airport Simulator,3
3851,2023,Session: Skate Sim Waterpark & Chris Cole - DLC,3
3852,2023,Пополнение кошелька Playstation Store Польша 15zl (PSN),3
3853,2023,Shadow of the Tomb Raider - Season Pass - DLC,3
3854,2023,Men of War: Assault Squad 2,3
3855,2023,Megadimension Neptunia VII,3
3856,2023,Shadowrun: Hong Kong - Extended Edition Deluxe Upgrade,3
3857,2023,Melty Blood Actress Again Current Code,3
3858,2023,Beasties - Monster Trainer Puzzle RPG,3
3859,2023,Mirages of Winter,3
3860,2023,Cassette Beasts,3
3861,2023,Cardaclysm,3
3862,2023,Splasher,3
3863,2023,"STAY COOL, KOBAYASHI-SAN!: A RIVER CITY RANSOM STORY",3
3864,2023,Battlestar Galactica Deadlock: Anabasis - DLC,3
3865,2023,Midvinter,3
3866,2023,MiG-29 Fulcrum,3
3867,2023,Battlestar Galactica Deadlock: Modern Ships Pack - DLC,3
3868,2023,Space Crew: Legendary Edition,3
3869,2023,Battlestar Galactica Deadlock: Resurrection - DLC,3
3870,2023,Song of Farca,3
3871,2023,Solar Ash,3
3872,2023,Small World 2,3
3873,2023,Wordle 3,3
3874,2023,Sudden Strike 4 - Finland: Winter Storm - DLC,3
3875,2023,Crowntakers,3
3876,2023,Teacup,3
3877,2023,Tamarin,3
3878,2023,Return to Mysterious Island,3
3879,2023,Amerzone: The Explorer’s Legacy,3
3880,2023,Curse of the Sea Rats,3
3881,2023,Tales of Tomorrow: Experiment,3
3882,2023,Tales of Monkey Island: Complete Season,3
3883,2023,Tales & Tactics,3
3884,2023,Rise Eterna,3
3885,2023,Tails Noir: Artifact Edition,3
3886,2023,Lil Gator Game,3
3887,2023,THE LAST BLADE 2,3
3888,2023,Cris Tales,3
3889,2023,My Farm,3
3890,2023,Dark Future: Blood Red States,3
3891,2023,Recon Control,3
3892,2023,DUNGEONS,3
3893,2023,DRAGON QUEST XI: Echoes of an Elusive Age,3
3894,2023,Age of Wonders III - Deluxe Edition,3
3895,2023,Kult: Heretic Kingdoms,3
3896,2023,NAMCO MUSEUM ARCHIVES Volume 1,3
3897,2023,Werewolf: The Apocalypse - Earthblood,3
3898,2023,The Ascent - CyberSec Pack - DLC,3
3899,2023,Mutant Year Zero: Road to Eden - Fan Edition,3
3900,2023,Surviving Mars - First Colony,3
3901,2023,Conan Exiles: The Imperial East Pack - DLC,3
3902,2023,Lost Words: Beyond the Page,3
3903,2023,Hills of Glory 3D,3
3904,2023,Mutant Year Zero: Seed of Evil - DLC,3
3905,2023,Where the Bees Make Honey,3
3906,2023,Conan Chop Chop,3
3907,2023,Superfuse - Supporter Edition,3
3908,2023,Windscape,3
3909,2023,Art of Rally,3
3910,2023,Surviving the Aftermath,3
3911,2023,Rise of Venice - Beyond the Sea,3
3912,2023,Combat Mission: Red Thunder - Battle Pack 1 - DLC,3
3913,2023,Surviving Mars: Green Planet - DLC,3
3914,2023,Lost Ruins,3
3915,2023,Surviving Mars: Below and Beyond - DLC,3
3916,2023,Clanfolk,3
3917,2023,TEKKEN 8 - Ultimate Edition - ПРЕДЗАКАЗ,3
3918,2023,River City Melee Mach!!,3
3919,2023,Grand Ages: Rome GOLD,3
3920,2023,City of Gangsters: Shadow Government - DLC,3
3921,2023,Aquanox Deep Descent,3
3922,2023,City of Gangsters: The English Outfit - DLC,3
3923,2023,Aquarium Designer,3
3924,2023,Swag And Sorcery,3
3925,2023,Painkiller Hell & Damnation: Demonic Vacation at the Blood Sea - DLC,2
3926,2023,Пополнение кошелька Playstation Store Польша 50zl (PSN),2
3927,2023,Odysseus Kosmos and his Robot Quest (Complete Season),2
3928,2023,Welcome to Elk,2
3929,2023,We Love Katamari REROLL+ Royal Reverie Special Edition,2
3930,2023,Warhammer: End Times - Vermintide,2
3931,2023,Ozymandias - Season Pass - DLC,2
3932,2023,P?querette Down the Bunburrows,2
3933,2023,Painkiller Hell & Damnation: Medieval Horror - DLC,2
3934,2023,October Night Games,2
3935,2023,We Love Katamari REROLL+ Royal Reverie,2
3936,2023,Hohokum,2
3937,2023,I am not a Monster - Multiplayer Version - DLC,2
3938,2023,Hospital Manager,2
3939,2023,Werewolf: The Apocalypse - Earthblood Champion Of Gaia Edition,2
3940,2023,World War Z: Aftermath - Deluxe Edition,2
3941,2023,Himno - The Silent Melody,2
3942,2023,Z-End,2
3943,2023,Yrminsul,2
3944,2023,Hell Warders,2
3945,2023,"Warhammer 40,000: Battlesector - Tyranid Elites - DLC",2
3946,2023,OUTBUDDIES,2
3947,2023,Hindsight,2
3948,2023,Panzer Corps 2: Axis Operations - 1942 - DLC,2
3949,2023,PAC-MAN WORLD Re-PAC,2
3950,2023,Hunting Simulator,2
3951,2023,WRC 7 FIA World Rally Championship,2
3952,2023,OF MICE AND SAND -REVISED-,2
3953,2023,Volley Pals,2
3954,2023,How 2 Escape,2
3955,2023,Youtubers Life,2
3956,2023,Yono and the Celestial Elephants,2
3957,2023,Nuclear Blaze,2
3958,2023,Violett: Soundtrack Edition,2
3959,2023,Overclocked: A History of Violence,2
3960,2023,Paper Beast - Folded Edition,2
3961,2023,Odysseus Kosmos and his Robot Quest: Digital Deluxe Set - DLC,2
3962,2023,"Warhammer 40,000: Sanctus Reach - Horrors of the Warp - DLC",2
3963,2023,"Warhammer 40,000: Space Wolf - Fall of Kanak - DLC",2
3964,2023,P?querette Down the Bunburrows - Soundtrack - DLC,2
3965,2023,looK INside - Chapter 2 Soundtrack - DLC,2
3966,2023,Paper Beast,2
3967,2023,Melvor Idle: Atlas of Discovery - DLC,2
3968,2023,Vectronom,2
3969,2023,Omerta - City of Gangsters - The Japanese Incentive - DLC,2
3970,2023,Surviving the Aftermath: New Alliances - DLC,2
3971,2023,MARVEL VS. CAPCOM: INFINITE - Digital Deluxe,2
3972,2023,MEGA MAN LEGACY COLLECTION 2,2
3973,2023,Surviving Mars: Project Laika - DLC,2
3974,2023,Surviving Mars: In-Dome Buildings Pack - DLC,2
3975,2023,Surviving Mars: Colony Design Set - DLC,2
3976,2023,SuperTrucks Offroad,2
3977,2023,Strider,2
3978,2023,MONSTER HUNTER: WORLD: Iceborne - DLC,2
3979,2023,MONSTER HUNTER: WORLD: Iceborne - Master Deluxe Edition,2
3980,2023,Robin Hood,2
3981,2023,MX vs ATV – All Out,2
3982,2023,Styx: Master of Shadows,2
3983,2023,Strikers Edge,2
3984,2023,Lovingly Evil,2
3985,2023,Surviving the Aftermath: Shattered Hope - DLC,2
3986,2023,Surviving the Aftermath: Ultimate Colony Edition,2
3987,2023,Surviving the Aftermath: Ultimate Colony Upgrade - DLC,2
3988,2023,Mx vs Atv Reflex,2
3989,2023,Synergia,2
3990,2023,TEKKEN 7 - Season Pass 3 - DLC,2
3991,2023,Looterkings,2
3992,2023,TT Isle of Man - Ride on the Edge,2
3993,2023,Rhythm Sprout: Sick Beats & Bad Sweets,2
3994,2023,Rezrog,2
3995,2023,Teslagrad 2,2
3996,2023,The Artifact,2
3997,2023,Legends of Persia,2
3998,2023,Legend of Keepers: Feed the Troll - DLC,2
3999,2023,Legend of Kay Anniversary,2
4000,2023,Regency Solitaire,2
4001,2023,MX vs. ATV Unleashed,2
4002,2023,Roguebook,2
4003,2023,Mystic Pillars: A Story-Based Puzzle Game,2
4004,2023,Slime-san: Superslime Edition,2
4005,2023,Stacking,2
4006,2023,Spitlings,2
4007,2023,Spellforce 2: Faith in Destiny - Deluxe Edition,2
4008,2023,Space Robinson: Hardcore Roguelike Action,2
4009,2023,Sacred Citadel,2
4010,2023,Sacred Stones,2
4011,2023,MazM: The Phantom of the Opera,2
4012,2023,Street Fighter V,2
4013,2023,Say No! More,2
4014,2023,Silent Night - A Christmas Delivery,2
4015,2023,Shadow Empire,2
4016,2023,Mega Man Zero/ZX Legacy Collection,2
4017,2023,Mega Man™ X Legacy Collection,2
4018,2023,Shadowhand: RPG Card Game,2
4019,2023,Star Renegades - Deluxe Edition,2
4020,2023,SNK 40th ANNIVERSARY COLLECTION,2
4021,2023,SIFU - Deluxe Edition (Epic),2
4022,2023,SteamWorld Dig 2,2
4023,2023,Momonga Pinball Adventures,2
4024,2023,SCUM: Female Hair Pack - DLC,2
4025,2023,Monster Hunter Rise: Sunbreak - Deluxe Edition - DLC,2
4026,2023,Rule the Waves 3,2
4027,2023,Monster Hunter Stories 2: Wings of Ruin - Deluxe Edition,2
4028,2023,Still Life,2
4029,2023,Mable & The Wood,2
4030,2023,MY HERO ONE'S JUSTICE 2 - Season Pass 2 - DLC,2
4031,2023,Still Life 2,2
4032,2023,Roguebook - Deluxe Edition,2
4033,2023,Monster Jam Steel Titans,2
4034,2023,Strategic Command WWII: World at War,2
4035,2023,Moo Lander,2
4036,2023,Last Knight: Rogue Rider Edition,2
4037,2023,NAMCO MUSEUM ARCHIVES Volume 2,2
4038,2023,Vapormaze,2
4039,2023,Nineteen,2
4040,2023,Nobody Saves the World - Frozen Hearth - DLC,2
4041,2023,Tyranny - Deluxe Edition,2
4042,2023,Tyranny,2
4043,2023,Nobody Saves the World,2
4044,2023,Two Worlds II: Pirates of the Flying Fortress - DLC,2
4045,2023,Two Worlds II: Castle Defense - DLC,2
4046,2023,Nine Witches: Family Disruption,2
4047,2023,Neptunia x SENRAN KAGURA: Ninja Wars,2
4048,2023,Project CARS 3,2
4049,2023,Tunche,2
4050,2023,Project Highrise: Brilliant Berlin - DLC,2
4051,2023,Tropico 6 - Going Viral - DLC,2
4052,2023,Tropico 4,2
4053,2023,Project Highrise: London Life - DLC,2
4054,2023,ULTIMATE MARVEL VS. CAPCOM 3,2
4055,2023,Pride Run,2
4056,2023,Ironcast,2
4057,2023,Predator: Hunting Grounds - Predator Bundle Edition,2
4058,2023,Praetorians HD Remaster,2
4059,2023,Iron Danger Supporter Pack - DLC,2
4060,2023,Umbrella Corps,2
4061,2023,Inua - A Story in Ice and Time,2
4062,2023,Planets Under Attack,2
4063,2023,Under The Waves,2
4064,2023,Pixel Heroes: Byte & Magic,2
4065,2023,"Upwards, Lonely Robot",2
4066,2023,Imperator: Rome - Magna Graecia Content Pack - DLC,2
4067,2023,Imperator: Rome - Deluxe Edition,2
4068,2023,Iesabel,2
4069,2023,INSOMNIA: The Ark - Deluxe Set - DLC,2
4070,2023,Vampire: The Masquerade – Swansong Victoria Ash - DLC,2
4071,2023,Kardboard Kings: Card Shop Simulator,2
4072,2023,Nekuia,2
4073,2023,The Childs Sight,2
4074,2023,The Fan,2
4075,2023,Rage Against The Zombies,2
4076,2023,The Longest Journey,2
4077,2023,NORCO - Original Soundtrack - DLC,2
4078,2023,NERF Legends,2
4079,2023,Rainbow Billy: The Curse of the Leviathan,2
4080,2023,NARUTO X BORUTO Ultimate Ninja Storm Connections - ПРЕДЗАКАЗ,2
4081,2023,The Dwarves,2
4082,2023,Puzzle Agent,2
4083,2023,The Dragoness: Command of the Flame,2
4084,2023,NARUTO TO BORUTO: SHINOBI STRIKER - Season Pass 5 - DLC,2
4085,2023,NARUTO TO BORUTO: SHINOBI STRIKER - Season Pass 2 - DLC,2
4086,2023,The Darkside Detective: A Fumble in the Dark,2
4087,2023,KovaaK’s Bundle,2
4088,2023,Record Of Agarest War Mariage,2
4089,2023,The MISSING: J.J. Macfield and the Island of Memories,2
4090,2023,Nanotale - Typing Chronicles,2
4091,2023,RONIN: Two Souls CHAPTER 1,2
4092,2023,The Moment of Silence,2
4093,2023,The Mystery of the Druids,2
4094,2023,Kingdom Eighties - Rad Edition,2
4095,2023,The Repair House: Restoration Sim,2
4096,2023,The Travels of Marco Polo,2
4097,2023,Kingdom Come: Deliverance – Band of Bastards - DLC,2
4098,2023,Kingdom Come: Deliverance - Art Book - DLC,2
4099,2023,The Wanderer: Frankenstein's Creature,2
4100,2023,The World After,2
4101,2023,This Way Madness Lies,2
4102,2023,Thunder Ray,2
4103,2023,Tinkertown,2
4104,2023,Kill to Collect,2
4105,2023,Kill The Bad Guy,2
4106,2023,MONSTER HUNTER RISE - Deluxe Edition,2
4107,2023,A Memoir Blue,2
4108,2023,Heck Deck,2
4109,2023,BATTLETECH,2
4110,2023,Battle vs Chess,2
4111,2023,Base One,2
4112,2023,Barotrauma - Supporter Pack - DLC,2
4113,2023,Barn Finders: Amerykan Dream - DLC,2
4114,2023,Barn Finders,2
4115,2023,BATTLETECH - Season Pass - DLC,2
4116,2023,BATTALION 1944,2
4117,2023,Battlestar Galactica Deadlock: Armistice - DLC,2
4118,2023,Azur Lane: Crosswave - Deluxe Pack - DLC,2
4119,2023,Astrologaster,2
4120,2023,Assemble with Care,2
4121,2023,Ashina: The Red Witch,2
4122,2023,Armored Brigade,2
4123,2023,Battlestar Galactica Deadlock: Ghost Fleet Offensive - DLC,2
4124,2023,Black Mirror III,2
4125,2023,Black Mirror II,2
4126,2023,Black Mirror I,2
4127,2023,Black & White Bushido,2
4128,2023,Bite the Bullet,2
4129,2023,Battlestar Galactica Deadlock: Reinforcement Pack - DLC,2
4130,2023,Bellatia,2
4131,2023,Behind the Frame: The Finest Scenery,2
4132,2023,Before I Forget,2
4133,2023,Battlestar Galactica Deadlock: Sin and Sacrifice - DLC,2
4134,2023,Angelo Skate Away,2
4135,2023,Airline Tycoon 2: Gold,2
4136,2023,15 Days,2
4137,2023,AEW: Fight Forever - Elite Edition,2
4138,2023,Across the Obelisk,2
4139,2023,Aerial_Knight's Never Yield,2
4140,2023,Age of Wonders II: The Wizard's Throne,2
4141,2023,Age of Wonders III - Eternal Lords Expansion - DLC,2
4142,2023,Blackwind,2
4143,2023,DinoSystem,2
4144,2023,Dracula 3: The Path of the Dragon,2
4145,2023,Darksiders III - The Crucible - DLC,2
4146,2023,Destroy All Humans! 2 – Reprobed,2
4147,2023,Devil and the Fairy,2
4148,2023,Digimon Survive,2
4149,2023,Digimon World: Next Order,2
4150,2023,Blind Fate: Edo no Yami,2
4151,2023,Disciples III - Renaissance,2
4152,2023,DragoDino,2
4153,2023,Dragon Ball FighterZ - FighterZ Edition,2
4154,2023,Dragon Star Varnir - Deluxe Pack - DLC,2
4155,2023,Dungeons - Gold Edition,2
4156,2023,Dungeons 2 - A Game of Winter - DLC,2
4157,2023,Dungeons 2 - A Song of Sand and Fire - DLC,2
4158,2023,Dungeons 3,2
4159,2023,Dungeons 3 - Once Upon A Time - DLC,2
4160,2023,Dungeons 3: Evil Of The Caribbean - DLC,2
4161,2023,Edgar - Bokbok in Boulzac,2
4162,2023,Elderand,2
4163,2023,Dark Rose Valkyrie,2
4164,2023,DRAGON BALL Z: KAKAROT - Deluxe Edition,2
4165,2023,Ethan: Meteor Hunter,2
4166,2023,Compass of the Destiny: Istanbul,2
4167,2023,Conan Exiles: Jewel of the West Pack - DLC,2
4168,2023,Conan Exiles: Treasures of Turan Pack - DLC,2
4169,2023,Crazy Pixel Streaker,2
4170,2023,Crookz - The Big Heist,2
4171,2023,Crusader Kings Complete,2
4172,2023,Crusader Kings II: Byzantine Unit Pack - DLC,2
4173,2023,DRAGON BALL XENOVERSE 2,2
4174,2023,Cyberdimension Neptunia: 4 Goddesses Online,2
4175,2023,DJMAX RESPECT V - Muse Dash PACK - DLC,2
4176,2023,DJMAX RESPECT V - V EXTENSION IV Original Soundtrack - DLC,2
4177,2023,DRAGON BALL FIGHTERZ - FighterZ Pass 2 - DLC,2
4178,2023,DRAGON BALL FIGHTERZ - FighterZ Pass 3 - DLC,2
4179,2023,Eternal Journey: New Atlantis,2
4180,2023,Frederic: Evil Strikes Back,2
4181,2023,Future Wars,2
4182,2023,GRAPPIN,2
4183,2023,GUILTY GEAR,2
4184,2023,GUILTY GEAR Xrd REV 2,2
4185,2023,Galactic Rangers VR,2
4186,2023,Galaxy on Fire 2 Full HD,2
4187,2023,Ghost Trick: Phantom Detective,2
4188,2023,Glitchpunk - Supporter Pack - DLC,2
4189,2023,Golazo! 2,2
4190,2023,Grand Ages: Medieval,2
4191,2023,Gravewood High - Complete - DLC,2
4192,2023,Gravity Circuit,2
4193,2023,Grotesque Tactics: Evil Heroes,2
4194,2023,HELLDIVERS™ 2 - ПРЕДЗАКАЗ,2
4195,2023,Fred3ric,2
4196,2023,Etherlords,2
4197,2023,Fairy Knights,2
4198,2023,Europa Universalis IV: DLC Collection - DLC,2
4199,2023,Europa Universalis IV: El Dorado - DLC,2
4200,2023,Europa Universalis IV: Res Publica - DLC,2
4201,2023,Europa Universalis IV: Wealth of Nations - Expansion - DLC,2
4202,2023,FIA European Truck Racing Championship,2
4203,2023,Fairy Fencer F ADF - Deluxe Pack - DLC,2
4204,2023,Fairy Fencer F Advent Dark Force,2
4205,2023,Fishing: North Atlantic - Scallops Expansion - DLC,2
4206,2023,Felix The Reaper - Supporter Pack - DLC,2
4207,2023,Figment 2: Creed Valley,2
4208,2023,Filament,2
4209,2023,Finding Teddy,2
4210,2023,Firegirl: Hack 'n Splash Rescue,2
4211,2023,Fishing: Barents Sea - King Crab - DLC,2
4212,2023,Fishing: North Atlantic,2
4213,2023,Cities in Motion: St. Petersburg - DLC,2
4214,2023,Boo! Greedy Kid,2
4215,2023,City of Gangsters: The Irish Outfit - DLC,2
4216,2023,Cassiodora,2
4217,2023,ChromaGun,2
4218,2023,Camp Sunshine,2
4219,2023,Broken Age,2
4220,2023,Codename Panzers Bundle,2
4221,2023,Burly Men at Sea,2
4222,2023,Cobra Kai: The Karate Kid Saga Continues,2
4223,2023,City of Gangsters: The Italian Outfit - DLC,2
4224,2023,Cities: Skylines - K-pop Station - DLC,2
4225,2023,Cellyon: Boss Confrontation,2
4226,2023,Cobra Kai 2: Dojos Rising,2
4227,2023,Chicken Assassin: Reloaded,2
4228,2023,Calico,2
4229,2023,CODE SHIFTER,2
4230,2023,Capcom Fighting Collection,2
4231,2023,Blood Bowl 2 - Legendary Edition,2
4232,2023,Colonial Conquest,2
4233,2023,Cities: Skylines - Content Creator Pack: Africa in Miniature - DLC,2
4234,2023,Cities: Skylines - Content Creator Pack: Brooklyn & Queens - DLC,2
4235,2023,Blue Fire,2
4236,2023,Superfuse - Digital Items Pack - DLC,1
4237,2023,Surfingers,1
4238,2023,Wordle 4,1
4239,2023,Super Robot Wars 30 - Deluxe Edition,1
4240,2023,Tropico 4: Apocalypse - DLC,1
4241,2023,Tropico 4: Vigilante - DLC,1
4242,2023,Wicce,1
4243,2023,Tropico 4: Propaganda! - DLC,1
4244,2023,Tropico 4: Junta Military - DLC,1
4245,2023,World Of Zoo,1
4246,2023,Stunt Kite Party,1
4247,2023,Wonder Boy Returns Remix,1
4248,2023,Subaeria,1
4249,2023,Tropico 4: Modern Times - DLC,1
4250,2023,Tropico 4: Megalopolis - DLC,1
4251,2023,Super 3D Noahs Ark,1
4252,2023,Super Blackjack Battle 2 Turbo Edition - The Card Warriors,1
4253,2023,Wordle 2,1
4254,2023,Ugly,1
4255,2023,Who Is Zombie,1
4256,2023,Sword Art Online: Alicization Lycoris - Premium Pass - DLC,1
4257,2023,Trident's Wake,1
4258,2023,Syberia 3 - Deluxe Edition,1
4259,2023,TEKKEN 7 - Season Pass 2 - DLC,1
4260,2023,TEKKEN 7 - Season Pass 4 - DLC,1
4261,2023,White Shadows,1
4262,2023,White Day: A Labyrinth Named School,1
4263,2023,Surviving Mars: Future Contemporary Cosmetic Pack - DLC,1
4264,2023,Street Fighter V - Season 5 Premium Pass - DLC,1
4265,2023,Surviving Mars: Revelation Radio Pack - DLC,1
4266,2023,Surviving Mars: Season Pass - DLC,1
4267,2023,Where Time Stood Still,1
4268,2023,Tropico 4: Voodoo - DLC,1
4269,2023,de Blob 2,1
4270,2023,Stalcraft - Новичок: Боец (перс.) - DLC,1
4271,2023,de Blob,1
4272,2023,Trulon: The Shadow Engine,1
4273,2023,Truck Racer,1
4274,2023,Zombie Party,1
4275,2023,Zero-G Gunfight,1
4276,2023,Stay Dead Evolution,1
4277,2023,Stalcraft - Ключ для обычного контейнера - DLC,1
4278,2023,Twilight Struggle,1
4279,2023,Sphinx and the Cursed Mummy,1
4280,2023,"Stalcraft - Кейс Марафона Мертвецов с обликами, 40 шт. - DLC",1
4281,2023,Splendor,1
4282,2023,SpongeBob SquarePants: The Cosmic Shake - Costume Pack - DLC,1
4283,2023,Stalcraft - Запасные детали - DLC,1
4284,2023,ZHED - Puzzle Game,1
4285,2023,Street Fighter V - Champion Edition Upgrade Kit - DLC,1
4286,2023,Tropico 5 - Waterborne - DLC,1
4287,2023,World of Final Fantasy,1
4288,2023,Tropico 5 - The Supercomputer - DLC,1
4289,2023,Strategic Command WWII: War in Europe,1
4290,2023,Strategy & Tactics: Wargame Collection - USSR vs USA! - DLC,1
4291,2023,World War One Centenial Edition,1
4292,2023,Street Fighter 6 - Ultimate Edition,1
4293,2023,Type:Rider,1
4294,2023,Wulin Chess,1
4295,2023,Warhammer: Chaosbane - Slayer Edition,1
4296,2023,Thunder Ray - Soundtrack - DLC,1
4297,2023,TERRACOTTA,1
4298,2023,The Guild II - Pirates of the European Seas,1
4299,2023,Warborn,1
4300,2023,The Longest Road on Earth,1
4301,2023,WRC 10 FIA World Rally Championship,1
4302,2023,Voyage: Journey to the Moon,1
4303,2023,The Lord of the Rings: Gollum™ - Precious Edition,1
4304,2023,The Guild 1 Gold,1
4305,2023,WRC 9 Audi Quattro A2 1984 (Steam) - DLC,1
4306,2023,V-Rally 4,1
4307,2023,Togges,1
4308,2023,To Hell With The Ugly,1
4309,2023,The Forgotten Land,1
4310,2023,WRC 9 Toyota Corolla 1999 (Steam) - DLC,1
4311,2023,WRC 9 FIA World Rally Championship (Steam),1
4312,2023,The Grandfather,1
4313,2023,The Next Penelope,1
4314,2023,Time Rift: Escape From Speedjail,1
4315,2023,The Wreck,1
4316,2023,These Doomed Isles,1
4317,2023,Vampire: The Masquerade – Swansong BOSTON BY NIGHT - DLC,1
4318,2023,Thunder Wolves,1
4319,2023,Victoria II: A Heart of Darkness - DLC,1
4320,2023,The Park,1
4321,2023,The Protagonist: EX-1,1
4322,2023,The Rosebud Condominium,1
4323,2023,The Sundew,1
4324,2023,Viking Brothers 5,1
4325,2023,The Valiant,1
4326,2023,Victoria II: A House Divided - DLC,1
4327,2023,Tales of Arise - Beyond the Dawn - Ultimate Edition - ПРЕДЗАКАЗ,1
4328,2023,"Warhammer 40,000: Sanctus Reach - Sons of Cadia - DLC",1
4329,2023,"Warhammer 40,000: Sanctus Reach - Legacy of the Weirdboy - DLC",1
4330,2023,Tech Corp.,1
4331,2023,Tennis Manager 2021,1
4332,2023,Tails Noir: Original Soundtrack - DLC,1
4333,2023,Through the Darkest of Times,1
4334,2023,TRANSFORMERS: BATTLEGROUNDS,1
4335,2023,TT Isle Of Man: Ride on the Edge 3 - Racing Fan Edition,1
4336,2023,Tachyon: The Fringe,1
4337,2023,"Warhammer 40,000: Battlesector - Daemons of Khorne - DLC",1
4338,2023,Tetragon,1
4339,2023,The Artful Escape,1
4340,2023,The Big Con,1
4341,2023,The Black Heart,1
4342,2023,The Book of Unwritten Tales 2 - Almanac Edition,1
4343,2023,Trailblazers,1
4344,2023,Townsmen VR,1
4345,2023,The Cows are watching,1
4346,2023,SAMURAI SHODOWN V SPECIAL,1
4347,2023,Moero Chronicle,1
4348,2023,Mighty Switch Force! Collection,1
4349,2023,Mighty No. 9,1
4350,2023,Beans: The Coffee Shop Simulator,1
4351,2023,Bear With Me Bundle,1
4352,2023,Beasts of Maravilla Island,1
4353,2023,Big Crown®: Showdown,1
4354,2023,Biped & Spirit of the Island Bundle,1
4355,2023,Men of Valor,1
4356,2023,Black Clover: Quartet Knights - Season Pass - DLC,1
4357,2023,Black Mirror Rremastered,1
4358,2023,Mega Man™ X Legacy Collection 2,1
4359,2023,BlazBlue: Continuum Shift Extend,1
4360,2023,Mega Man Battle Network Legacy Collection,1
4361,2023,Blooming Business: Casino,1
4362,2023,Brawlout,1
4363,2023,Battle Axe,1
4364,2023,Monster Hunter Rise: Sunbreak - DLC,1
4365,2023,SpellForce 2: Demons Of The Past,1
4366,2023,BOMBFEST,1
4367,2023,Algo Bot,1
4368,2023,My Divorce Story,1
4369,2023,Arcana Heart 3: LOVEMAX SIXSTARS!!!!!! XTEND,1
4370,2023,Mutazione,1
4371,2023,Armored Brigade Nation Pack: Czechoslovakia - Netherlands - DLC,1
4372,2023,Armored Brigade Nation Pack: Italy - Yugoslavia - DLC,1
4373,2023,Mr. DRILLER DrillLand,1
4374,2023,MotoGP 14,1
4375,2023,MotoGP 13,1
4376,2023,Avatar: The Last Airbender - Quest for Balance,1
4377,2023,BAFL - Brakes Are For Losers,1
4378,2023,BASEBALL STARS 2,1
4379,2023,Mordheim: City of the Damned - Witch Hunters - DLC,1
4380,2023,BATTLETECH - Shadow Hawk Pack - DLC,1
4381,2023,BLAZBLUE: CROSS TAG BATTLE - Special Edition,1
4382,2023,Bridge Project,1
4383,2023,Buissons,1
4384,2023,Bunker Constructor,1
4385,2023,CHAOS CODE -NEW SIGN OF CATASTROPHE-,1
4386,2023,Cities: Skylines - Deep Focus Radio - DLC,1
4387,2023,Cities: Skylines - Deluxe Upgrade Pack - DLC,1
4388,2023,Cities: Skylines - On Air Radio - DLC,1
4389,2023,Cities: Skylines - Pop-Punk Radio - DLC,1
4390,2023,Cities: Skylines - Rock City Radio - DLC,1
4391,2023,Cities: Skylines - Shoreline Radio - DLC,1
4392,2023,Cities: Skylines - Sunny Breeze Radio - DLC,1
4393,2023,Cities: Skylines - All That Jazz - DLC,1
4394,2023,Citrouille,1
4395,2023,Codename Panzers Cold War,1
4396,2023,Colossus Down,1
4397,2023,Comanche 4,1
4398,2023,Commandos 3 - HD Remaster,1
4399,2023,Lust From Beyond: M Edition,1
4400,2023,Lunark,1
4401,2023,Cities: Skylines - 80's Movies Tunes - DLC,1
4402,2023,Cities: Skylines - 80's Downtown Beat - DLC,1
4403,2023,Cities in Motion: London - DLC,1
4404,2023,Capcom Arcade 2nd Stadium,1
4405,2023,Matchpoint - Tennis Championships: Legends Edition,1
4406,2023,Master of Orion: Revenge at Antares Race Pack. - DLC,1
4407,2023,Master of Orion - Collector's Edition,1
4408,2023,Master of Magic: Rise of the Soultrapped - DLC,1
4409,2023,Call of the Sea - Artbook - DLC,1
4410,2023,Canyon Capers,1
4411,2023,Capcom Beat 'Em Up Bundle,1
4412,2023,Cities in Motion 2,1
4413,2023,Cassette Beasts: Deluxe Edition,1
4414,2023,March of the Eagles,1
4415,2023,Maquette,1
4416,2023,Chaos Control,1
4417,2023,Majesty Gold HD,1
4418,2023,Cities in Motion 1 and 2 Collection,1
4419,2023,Airline Tycoon Deluxe,1
4420,2023,NAIRI: Tower of Shirin,1
4421,2023,Air Conflicts Collection,1
4422,2023,Nexus - The Jupiter Incident,1
4423,2023,No Longer Home,1
4424,2023,Nippon Marathon,1
4425,2023,Nickelodeon Kart Racers 3: Slime Speedway,1
4426,2023,ONE PUNCH MAN: A HERO NOBODY KNOWS - Character Pass - DLC,1
4427,2023,ONE PIECE: PIRATE WARRIORS 4 - Ultimate Edition,1
4428,2023,ONE PIECE: PIRATE WARRIORS 4 - Character Pass 2 - DLC,1
4429,2023,NyxQuest: Kindred Spirits,1
4430,2023,New Yankee 7: Deer Hunters,1
4431,2023,Aggelos,1
4432,2023,New Yankee 6: In Pharaoh's Court,1
4433,2023,ASSAULT GUNNERS HD EDITION COMPLETE SET,1
4434,2023,Academia: School Simulator,1
4435,2023,NECROPOLIS: BRUTAL EDITION,1
4436,2023,Aces of the Luftwaffe,1
4437,2023,Aces of the Luftwaffe - Squadron,1
4438,2023,NARUTO X BORUTO Ultimate Ninja Storm Connections - Deluxe Edition - ПРЕДЗАКАЗ,1
4439,2023,Ad Infinitum,1
4440,2023,NARUTO TO BORUTO: SHINOBI STRIKER - Season Pass 4 - DLC,1
4441,2023,NARUTO TO BORUTO: SHINOBI STRIKER - Season Pass 3 - DLC,1
4442,2023,Ad Infinitum - Digital Artbook - DLC,1
4443,2023,NARUTO TO BORUTO: SHINOBI STRIKER - Season Pass - DLC,1
4444,2023,Adventure Park,1
4445,2023,Agatha Christie - The ABC Murders,1
4446,2023,Age of Wonders: Planetfall - Invasions - DLC,1
4447,2023,Age of Wonders: Planetfall - Star Kings - DLC,1
4448,2023,ASSAULT GUNNERS HD EDITION,1
4449,2023,ARISEN - Chronicles of Var'Nagal,1
4450,2023,AO Tennis 2,1
4451,2023,New Gundam Breaker,1
4452,2023,Neptunia Virtual Stars,1
4453,2023,Neptunia Shooter,1
4454,2023,1943 Deadly Desert,1
4455,2023,Nantucket,1
4456,2023,A Game of Thrones: The Board Game - Digital Edition,1
4457,2023,Naruto Shippuden: Ultimate Ninja Storm 4 - Season Pass - DLC,1
4458,2023,A Planet of Mine,1
4459,2023,ABRACA - Imagic Games,1
4460,2023,AEW: Fight Forever,1
4461,2023,AK-xolotl,1
4462,2023,Conan Exiles: Blood and Sand Pack - DLC,1
4463,2023,Conan Exiles: People of the Dragon Pack - DLC,1
4464,2023,Conan Exiles: Riders of Hyboria Pack - DLC,1
4465,2023,Hyperdimension Neptunia Re;Birth3 V Generation,1
4466,2023,In Between,1
4467,2023,Impulsion,1
4468,2023,Imperium Romanum - Gold Edition,1
4469,2023,Imperium Galactica,1
4470,2023,Field of Glory: Empires,1
4471,2023,Imperator: Rome,1
4472,2023,Imperator Rome - Epirus Content Pack - DLC,1
4473,2023,Imp of the Sun,1
4474,2023,Final Vendetta,1
4475,2023,Finding Teddy Bundle,1
4476,2023,INSOMNIA: The Ark - Original Soundtrack - DLC,1
4477,2023,Frank and Drake,1
4478,2023,FreakOut: Extreme Freeride,1
4479,2023,Freakout: Calamity TV Show,1
4480,2023,I Am Dead,1
4481,2023,Farming Simulator 19 (Steam),1
4482,2023,Inertial Drift,1
4483,2023,Fantasy General II: Invasion,1
4484,2023,Extinction: Deluxe Edition,1
4485,2023,Everdream Valley,1
4486,2023,JUSTICE SUCKS: Tactical Vacuum Action,1
4487,2023,JUMANJI: The Video Game,1
4488,2023,Isbarah,1
4489,2023,Exoprimal,1
4490,2023,Expeditions Conquistador,1
4491,2023,F-16 Multirole Fighter,1
4492,2023,Fantasy General II: Empire Aflame - DLC,1
4493,2023,F-22 Lightning 3,1
4494,2023,FIFA 23: ULTIMATE TEAM - FIFA POINTS 1600,1
4495,2023,Fairy Fencer F,1
4496,2023,Fairy Fencer F: Refrain Chord,1
4497,2023,Interkosmos 2000,1
4498,2023,InnerSpace,1
4499,2023,From Space,1
4500,2023,Hyperdimension Neptunia Re;Birth2: Sisters Generation,1
4501,2023,Europa Universalis: Rome - Gold Edition,1
4502,2023,Full Spectrum Warrior: Ten Hammers,1
4503,2023,Glitchrunners,1
4504,2023,Goat of Duty,1
4505,2023,Golf Gang,1
4506,2023,Golfie,1
4507,2023,Goo Saga HD,1
4508,2023,Gotcha Racing 2nd,1
4509,2023,Grand Ages: Rome - Reign of Augustus - DLC,1
4510,2023,Gravity Circuit - Official Soundtrack - DLC,1
4511,2023,Her Majesty's Spiffing,1
4512,2023,Guilty Gear -Strive- Season Pass 1 - DLC,1
4513,2023,Gun Gun Pixies,1
4514,2023,Hacktag,1
4515,2023,Handball 17,1
4516,2023,Hellfront: Honeymoon,1
4517,2023,HeartZ Co-Hope Puzzles,1
4518,2023,Holy Avatar vs. Maidens of the Dead,1
4519,2023,Gigapocalypse,1
4520,2023,HordeCore,1
4521,2023,Galaxy Warfighter,1
4522,2023,HyperParasite,1
4523,2023,HyperBrawl Tournament - Warrior Founder Pack - DLC,1
4524,2023,GONNER2,1
4525,2023,Gal*Gun Returns,1
4526,2023,Galactic Inheritors,1
4527,2023,House of 1000 Doors: Evil Inside,1
4528,2023,Gangs of Sherwood - Lionheart Edition - ПРЕДЗАКАЗ,1
4529,2023,Giana Sisters: Twisted Bundle,1
4530,2023,Gary Grigsby's War in the East 2: Steel Inferno - DLC,1
4531,2023,House Flipper - Garden - DLC,1
4532,2023,Ghost Cleaner,1
4533,2023,House Cleaning Survival,1
4534,2023,Giana Sisters 2D,1
4535,2023,Horror Story: Hallowseed,1
4536,2023,Evan's Remains,1
4537,2023,Europa Universalis IV: Ultimate Music Pack - DLC,1
4538,2023,Conan Exiles: The Savage Frontier Pack - DLC,1
4539,2023,DRAGON BALL XENOVERSE 2 - HERO OF JUSTICE Pack Set - DLC,1
4540,2023,DJMAX RESPECT V - EZ2ON PACK - DLC,1
4541,2023,DJMAX RESPECT V - GIRLS' FRONTLINE PACK - DLC,1
4542,2023,Legend of Keepers: Soul Smugglers - DLC,1
4543,2023,Legend of Keepers: Return of the Goddess - DLC,1
4544,2023,DJMAX RESPECT V - Lisrim Gear Pack - DLC,1
4545,2023,DJMAX RESPECT V - Portable 3 Original Soundtrack (REMASTERED) - DLC,1
4546,2023,DJMAX RESPECT V - Portable 3 PACK - DLC,1
4547,2023,Last Rites,1
4548,2023,DJMAX RESPECT V - UNLOCK SONG PACK - DLC,1
4549,2023,DJMAX RESPECT V - V EXTENSION II Original Soundtrack - DLC,1
4550,2023,DJMAX RESPECT V - V EXTENSION III PACK - DLC,1
4551,2023,DJMAX RESPECT V - V EXTENSION IV PACK - DLC,1
4552,2023,DJMAX RESPECT V - V Original Soundtrack - DLC,1
4553,2023,LEGO® The Incredibles,1
4554,2023,DJMAX RESPECT V - Welcome to the Space GEAR PACK - DLC,1
4555,2023,DJMAX RESPECT V - ESTIMATE PACK - DLC,1
4556,2023,DJMAX RESPECT V - Deemo Pack - DLC,1
4557,2023,Letters - a written adventure,1
4558,2023,Crewsaders,1
4559,2023,Costume Quest,1
4560,2023,Lords of Football,1
4561,2023,Crazy Soccer: Football Stars,1
4562,2023,Crazy Soccer: Football Stars - Original Soundtrack - DLC,1
4563,2023,Logistics Company,1
4564,2023,Lock's Quest,1
4565,2023,Crime O'Clock,1
4566,2023,DIG IT! - A Digger Simulator,1
4567,2023,Crowalt: Traces of the Lost Colony,1
4568,2023,Little Friends: Puppy Island,1
4569,2023,Crusader Kings II: Charlemagne - DLC,1
4570,2023,Crusader Kings II: Jade Dragon - DLC,1
4571,2023,Crusader Kings II: Monks & Mystics - DLC,1
4572,2023,DE-EXIT - Eternal Matters,1
4573,2023,DOTORI,1
4574,2023,LEGO® DC Super-Villains,1
4575,2023,Europa Universalis IV: Monuments to Power Pack - DLC,1
4576,2023,DRAGON BALL Z: KAKAROT,1
4577,2023,Kingdom Come: Deliverance - Treasures of the Past - DLC,1
4578,2023,Double Kick Heroes,1
4579,2023,Kingdom Come: Deliverance - OST Essentials - DLC,1
4580,2023,Dracula 4 and 5 - Special Steam Edition,1
4581,2023,Kingdom Come: Deliverance - A Woman's Lot - DLC,1
4582,2023,King Arthur II: The Role Playing Wargame,1
4583,2023,Dungeon Lords,1
4584,2023,Dungeons & Dragons: Chronicles of Mystara,1
4585,2023,Dungeons 2 - A Chance of Dragons - DLC,1
4586,2023,End of Lines,1
4587,2023,Kana Quest,1
4588,2023,Etherborn,1
4589,2023,Etherlords II,1
4590,2023,Europa Universalis IV - Digital Extreme Edition Upgrade Pack - DLC,1
4591,2023,Europa Universalis IV: Conquest of Paradise - DLC,1
4592,2023,Double Dragon IV,1
4593,2023,Doodle Devil,1
4594,2023,Distant Worlds 2: Factions - Quameno and Gizureans - DLC,1
4595,2023,Daydream: Forgotten Sorrow,1
4596,2023,KryptCrawler,1
4597,2023,Dandara: Trials of Fear Edition,1
4598,2023,Dark Light,1
4599,2023,Day of Infamy,1
4600,2023,Koumajou Remilia: Scarlet Symphony,1
4601,2023,Knights of Pen and Paper 2,1
4602,2023,Knights of Honor,1
4603,2023,Diluvion: Resubmerged,1
4604,2023,Dead Rising 2: Off The Record,1
4605,2023,Deep Network Analyser - 4th Generation Warfare - DLC,1
4606,2023,Defend the Rook: Tactical Tower Defense,1
4607,2023,Delta Force: Task Force Dagger,1
4608,2023,Kingdoms of Amalur: Re-Reckoning - Fatesworn - DLC,1
4609,2023,Delta Force: Xtreme 2,1
4610,2023,OVERWHELMED,1
4611,2023,OctaFight,1
4612,2023,Rogue Lords,1
4613,2023,Rob Riches,1
4614,2023,Roadside Assistance Simulator,1
4615,2023,River City Saga: Three Kingdoms,1
4616,2023,"Roguebook - Fugoro, Merchant of Wonders - DLC",1
4617,2023,Ruggnar,1
4618,2023,SOULCALIBUR VI: Season Pass 2 - DLC,1
4619,2023,SOULCALIBUR VI: Season Pass - DLC,1
4620,2023,Rush for Berlin Gold,1
4621,2023,SD GUNDAM G GENERATION CROSS RAYS - Deluxe Edition,1
4622,2023,SCUM: Danny Trejo Character Pack - DLC,1
4623,2023,SCUM,1
4624,2023,Hearts of Iron III,1
4625,2023,SAMURAI SHODOWN NEOGEO COLLECTION,1
4626,2023,Red Barton and The Sky Pirates,1
4627,2023,RiMS Ultimate Edition,1
4628,2023,Rise of the Third Power,1
4629,2023,RiMS Racing,1
4630,2023,RiMS - Career Starter Pack - DLC,1
4631,2023,Return to Mysterious Island 2,1
4632,2023,Resident Evil: Revelations,1
4633,2023,Siegecraft Commander,1
4634,2023,Sniper Ghost Warrior 3,1
4635,2023,SlavicPunk: Oldtimer,1
4636,2023,Skydrift Infinity,1
4637,2023,Silmaris: Dice Kingdom,1
4638,2023,Sigma Theory: Brazil - Additional Nation - DLC,1
4639,2023,Solar Shifter EX,1
4640,2023,Sparkle 4 Tales,1
4641,2023,Space Pilgrim Episode II: Epsilon Indi,1
4642,2023,Song of Horror - Complete Edition,1
4643,2023,Shutter Nyan! Enhanced Edition,1
4644,2023,Sense - ?????: A Cyberpunk Ghost Story,1
4645,2023,Sengoku,1
4646,2023,Sea Salt,1
4647,2023,Session: Skate Sim,1
4648,2023,Shift Quantum,1
4649,2023,Shadowrun Returns - Deluxe Upgrade - DLC,1
4650,2023,Panzer Corps 2: Axis Operations - 1940 - DLC,1
4651,2023,Painkiller Hell & Damnation: City Critters - DLC,1
4652,2023,Panzer Corps 2: Axis Operations – 1939 - DLC,1
4653,2023,Panzer Corps 2: Axis Operations – 1941 - DLC,1
4654,2023,Panzer Dragoon: Remake,1
4655,2023,Pendula Swing: The Complete Edition,1
4656,2023,Patrician IV,1
4657,2023,Patch Quest,1
4658,2023,Panzer Panic,1
4659,2023,Park Beyond: Annual Pass - DLC,1
4660,2023,PAC-MAN MUSEUM+,1
4661,2023,Omerta - City of Gangsters - The Con Artist - DLC,1
4662,2023,Omerta - City of Gangsters - The Arms Industry - DLC,1
4663,2023,Omerta - City of Gangsters - Damsel in Distress - DLC,1
4664,2023,Onsen Master,1
4665,2023,Ozymandias - Indonesia - DLC,1
4666,2023,Outshine,1
4667,2023,Out There: Omega Edition,1
4668,2023,Phantom Breaker: Battle Grounds,1
4669,2023,QV,1
4670,2023,Puzzle Agent 2,1
4671,2023,Puppet Kings,1
4672,2023,Psychedelica of the Black Butterfly,1
4673,2023,Railway Empire - Northern Europe - DLC,1
4674,2023,Radical Rabbit Stew,1
4675,2023,RWBY: Arrowfell,1
4676,2023,Post Scriptum: Deluxe Edition,1
4677,2023,Port Royale 3: Harbour Master - DLC,1
4678,2023,Port Royale 3: Dawn of Pirates - DLC,1
4679,2023,Point Perfect,1
4680,2023,Po?f vs The Cursed Kitty!,1
4681,2023,Plane Mechanic Simulator,1
4682,2023,Piczle Cross Adventure,1
4683,2023,Prison Architect: Perfect Storm - DLC,1
4684,2023,Prison Architect - Aficionado,1
4685,2023,Пополнение кошелька Playstation Store Польша 70zl (PSN),1
